海克斯,ID,出现,选择,选择率,选择后胜率
质变：棱彩阶,TRANSMUTE_PRISMATIC_RUNE,62,51,82.26%,70.59%
缩小引擎,SHRINK_ENGINE_RUNE,58,29,50.00%,65.52%
属性叠属性！,STATS_ON_STATS_RUNE,52,35,67.31%,74.29%
罪恶快感,GET_EXCITED_RUNE,50,22,44.00%,54.55%
回归基本功,BACK_TO_BASICS_RUNE,47,30,63.83%,70.00%
捐赠,DONATION_RUNE,47,15,31.91%,60.00%
有始有终,BEGINNING_AND_END_RUNE,46,28,60.87%,71.43%
循环往复,LOOP_RUNE,46,20,43.48%,60.00%
属性叠属性叠属性！,STATS_ON_STATS_ON_STATS_RUNE,44,23,52.27%,60.87%
质变：黄金阶,TRANSMUTE_GOLD_RUNE,43,35,81.40%,62.86%
双刀流,DUAL_WIELD_RUNE,43,16,37.21%,50.00%
不动如山,UNMOVABLE_MOUNTAIN_RUNE,42,21,50.00%,61.90%
红包,RED_ENVELOPE_RUNE,41,20,48.78%,85.00%
基石猎人,KEYSTONE_HUNTER_RUNE,41,15,36.59%,80.00%
魔鬼之舞,DEVILS_DANCE_RUNE,41,15,36.59%,66.67%
缩小射线,SHRINK_RAY_RUNE,41,13,31.71%,84.62%
战争交响乐,SYMPHONY_OF_WAR_RUNE,40,15,37.50%,93.33%
咏叹奏鸣,SONATA_RUNE,40,14,35.00%,78.57%
坦克引擎,TANK_ENGINE_RUNE,39,23,58.97%,73.91%
你摸不到,CANT_TOUCH_THIS_RUNE,39,10,25.64%,70.00%
急急小子,SPEEDSTER_RUNE,39,8,20.51%,50.00%
秘术冲拳,ARCANE_PUNCH_RUNE,38,14,36.84%,64.29%
敏捷转力量,DEXTERITY_TO_STRENGTH_RUNE,38,10,26.32%,60.00%
质变：混沌,TRANSMUTE_CHAOS_RUNE,37,26,70.27%,69.23%
无休回复,ENDLESS_RECOVERY_RUNE,37,7,18.92%,100.00%
古式佳酿,ANCIENT_WINE_RUNE,37,5,13.51%,80.00%
超凡邪恶,TRANSCENDENT_EVIL_RUNE,36,19,52.78%,63.16%
尤里卡,EUREKA_RUNE,35,21,60.00%,76.19%
火上浇油,FIREBRAND_RUNE,35,16,45.71%,81.25%
裁决使,JUDICATOR_RUNE,35,12,34.29%,50.00%
？？？,MYSTERY_RUNE,35,10,28.57%,60.00%
坚韧,STURDY_RUNE,35,4,11.43%,75.00%
歌利亚巨人,GOLIATH_RUNE,34,16,47.06%,75.00%
当心小蛋糕,WATCH_OUT_GRAPEFRUIT_RUNE,34,15,44.12%,80.00%
炼狱导管,INFERNAL_CONDUIT_RUNE,34,11,32.35%,81.82%
死亡之环,CIRCLE_OF_DEATH_RUNE,34,9,26.47%,77.78%
终极不可阻挡,ULTIMATE_UNSTOPPABLE_RUNE,34,9,26.47%,100.00%
夜狩,NIGHTSTALKING_RUNE,34,8,23.53%,50.00%
神圣干预,DIVINE_INTERVENTION_RUNE,34,3,8.82%,100.00%
珠光护手,JEWELED_GAUNTLET_RUNE,33,12,36.36%,58.33%
接二连三,TWICE_THRICE_RUNE,33,8,24.24%,87.50%
蛋白粉奶昔,PROTEIN_SHAKE_RUNE,33,8,24.24%,100.00%
亮出你的剑,DRAW_YOUR_SWORD_RUNE,33,7,21.21%,57.14%
仆从大师,SERVANT_MASTER_RUNE,33,6,18.18%,33.33%
家园卫士,HOMEGUARD_RUNE,33,5,15.15%,80.00%
逃跑计划,ESCAPE_PLAN_RUNE,33,3,9.09%,66.67%
属性！,STATS_RUNE,32,22,68.75%,68.18%
霸符兄弟,BADGE_BROTHERS_RUNE,32,13,40.62%,61.54%
大力,BIG_STRENGTH_RUNE,32,12,37.50%,50.00%
玻璃大炮,GLASS_CANNON_RUNE,32,9,28.12%,66.67%
巨人杀手,GIANT_SLAYER_RUNE,32,7,21.88%,100.00%
溢流,OVERFLOW_RUNE,32,7,21.88%,71.43%
黎明使者的坚决,DAWNBRINGERS_RESOLVE_RUNE,32,2,6.25%,50.00%
狂热者,ZEALOT_RUNE,31,13,41.94%,76.92%
尊我为王,HAIL_TO_THE_KING_RUNE,31,6,19.35%,33.33%
回力OK镖,OK_BOOMERANG_RUNE,31,4,12.90%,75.00%
一板一眼,NO_NONSENSE_RUNE,31,3,9.68%,100.00%
圣火,HOLY_FIRE_RUNE,31,2,6.45%,100.00%
狂徒豪气,WARMOGS_SPIRIT_RUNE,30,5,16.67%,100.00%
星界躯体,ASTRAL_BODY_RUNE,30,4,13.33%,50.00%
尖端炼药师,CUTTING_EDGE_ALCHEMIST_RUNE,30,2,6.67%,50.00%
无限循环往复,INFINITE_LOOP_RUNE,29,22,75.86%,68.18%
踢踏舞,TAP_DANCE_RUNE,29,15,51.72%,66.67%
夺金,GOLDREND_RUNE,29,9,31.03%,55.56%
吞噬灵魂,SOUL_EATER_RUNE,29,8,27.59%,62.50%
终极刷新,ULTIMATE_REFRESH_RUNE,29,1,3.45%,100.00%
重量级打击手,HEAVY_HITTER_RUNE,28,17,60.71%,64.71%
急救用具,FIRST_AID_KIT_RUNE,28,14,50.00%,71.43%
连拨击锤,FAN_THE_HAMMER_RUNE,28,9,32.14%,66.67%
心灵净化,MIND_PURIFICATION_RUNE,28,2,7.14%,50.00%
点亮他们！,LIGHT_EM_UP_RUNE,27,11,40.74%,81.82%
男爵之手,HAND_OF_BARON_RUNE,27,9,33.33%,100.00%
超强大脑,SUPER_BRAIN_RUNE,27,6,22.22%,66.67%
快中求稳,SWIFT_AND_SAFE_RUNE,27,5,18.52%,80.00%
慢炖,SLOW_COOK_RUNE,27,5,18.52%,100.00%
巨像的勇气,COURAGE_OF_COLOSSUS_RUNE,27,2,7.41%,100.00%
感受燃烧,FEEL_THE_BURN_RUNE,27,1,3.70%,100.00%
科学怪人,MAD_SCIENTIST_RUNE,26,7,26.92%,71.43%
速度恶魔,SPEED_DEMON_RUNE,26,6,23.08%,66.67%
物法皆修,MASTER_OF_DUALITY_RUNE,26,4,15.38%,25.00%
灵巧,NIMBLE_RUNE,25,10,40.00%,80.00%
荆棘之甲,THORNMAIL_RUNE,25,8,32.00%,75.00%
地狱三头犬,CERBERUS_RUNE,25,7,28.00%,28.57%
女王,QUEEN_RUNE,25,6,24.00%,100.00%
坚若磐石,ADAMANT_RUNE,25,4,16.00%,50.00%
献祭,SACRIFICE_RUNE,25,2,8.00%,100.00%
扇巴掌,SLAP_RUNE,24,10,41.67%,90.00%
折磨者,TORMENTOR_RUNE,24,6,25.00%,50.00%
力量转敏捷,STRENGTH_TO_DEXTERITY_RUNE,23,6,26.09%,66.67%
最终形态,FINAL_FORM_RUNE,23,3,13.04%,100.00%
精怪魔法,FEY_MAGIC_RUNE,23,0,0.00%,
山脉龙魂,MOUNTAIN_SOUL_RUNE,22,6,27.27%,50.00%
米凯尔的祝福,MIKAELS_BLESSING_RUNE,22,1,4.55%,100.00%
退敌力场,REPULSOR_RUNE,22,0,0.00%,
大地苏醒,EARTH_AWAKENS_RUNE,21,7,33.33%,85.71%
潘朵拉的盒子,PANDORAS_BOX_RUNE,21,4,19.05%,75.00%
冰霜幽灵,FROST_WRAITH_RUNE,21,0,0.00%,
防护面纱,PROTECTIVE_VEIL_RUNE,20,9,45.00%,77.78%
由心及物,MIND_TO_MATTER_RUNE,20,5,25.00%,80.00%
恶趣味,BAD_TASTE_RUNE,19,2,10.53%,0.00%
巫师式思考,WIZARDLY_THINKING_RUNE,5,3,60.00%,100.00%
敏捷力量转集中,DEXTERITY_STRENGTH_TO_FOCUS_RUNE,3,3,100.00%,100.00%
