source	old_commit	new_commit
public	5756d22d8ea43d2b6a7c898a3058bd5d5dcf6705	318a0d27a854a4fa0685ab8d830d79554c39e4b8
public	0e9523dc1fe023a3fb214ad586afbe2ae6cb3939	37bfd0a1737fbf6f800ef9c4cbcf3f2bd0d6b5b0
public	2e3b8812cbe370bb693a77f663dbcd01d96bcf11	d1a27cce8b2618f2ebf79a68122bdd3c7813cfb3
public	c5faea96ca2e6aed4202bc11af8ec5b8fcca9b3d	3e30fcd9d50b81612c072a992bd2da0934b021ff
public	07fff872b02d81a351cb062c8991445b7ae97f87	a54e754f4ed50fc67fb29d4ab26bf61cf40ed80c
public	89983bd58d0abdabb24b22bf0640e0a19d321719	41287a13510b7e5394fc65304fcdfae7a2104aac
public	2d1e2a3037cc2bd3a08dc1150c0b36be5f9b50d2	0814a38b350762d1687a5b1e2eb39460d8214548
public	beb1fe5f6ba4c4a6127cda0dd53d144811cfe366	31b3d66088f0f98aa61f4217ae76bc354f478dee
public	2929a121c46c2371670cfc8ecf374ddd7e3bc6e2	2490b0faba292ff7e5aea6094ba3b7e64ac1acf3
public	2254f97529793e7e7fa87c6d75cd6e962753d38f	c72fb636501e5a89128a6dfb25c6573c767c3581
public	b5e230b5086893107050fe185f0b4f867acee2a0	5e57bcac9fc33d65cce472dcbff0ab3e2a99a5d7
public	35f2f11737878b02d58b453ddb53457b4d5e06c7	23bd2fddd42f7b76c2e030414d1cabc5ea86c764
public	deae37a0b416157055bc45e646bc05dda6fc0db1	c44f5ebc5d2398b3eeb10d9ff633094b6b088e4d
public	7e80636ba7d977a680ad6e0b93051b20d8a258cd	dd9baadaf5d02aefb2ce7eadfadb87c9e0ef0a06
public	8bc6438fa1e6414f175bcc34e10712af06c91735	c695a80bf65900765c518d12c9ef703a027cbb1d
public	d530bee6f1cfc2a3d3e0e845559b1d852905448f	9a5f6df35759c68d99f850ff4ad91cf3d35b844f
public	4c4fc8d61ef4052b6e41369fe18697e8d67348d3	74881e7cc726bd18518fd0ae75b05f77141a1f49
public	2325675b3a6948e4aab8534e78a894414652cca7	295c52276cc7fd86a981ba9f701d9da431410d33
public	82842bb8e689a08e7ebe8bc6a88f120a526c9d4f	898f3640e49f86e60e6e5a07453eac45960f5fad
public	5a337fadd444d419b02ce6beac240843a3c1ebcf	d3d23013309e874aa83b609c7d1970945e7d6143
public	f825f33ab1604076274dec283c8ee4ba8bc5a4c0	6a03bf468fc3788e7349cbdde583a49692a45c76
public	38680aa082775b648e4da0846cbef0eda1a43c17	9be47dc76b8403d0db3755df102daf680ce88f9f
public	420715da67e51fdd72a248d5375aec41c21a9f7d	8fdc2289926b9c7f67cdfd65dce6f1194120f23b
public	2c959a5e3a19fb8a6bb08954780db3d130448003	f3ea355661ac30e686c7aa14f613ba374dedcd55
public	65dab68b5b27e28519c4d9b73a6fbe19632306b8	b9d4188aa00b1b5e20f5b7fd6cda81874775fffa
public	db468d11e9a642e1f5d42753e36fb5a5da434368	01432f862e58ed3b44ffd1441c7bf2590b282f18
public	99846a9d04662089e50bfa89f7a28ed59668e05e	682a8061dc81e17abaea6901a7c370242895e58f
public	fe1b3038e41c6e868b094b0859050896d30d08ae	d0235effeda3da10f73402da284ae40192ee446b
public	ef1f31892c3d3a9f47778140f5ce2a09305a84c2	f0ba9c7b1cb8abf8c592fffd68fdfb71cca0f354
public	fbde33d6c637194104e1be7f1d5fcf35d60fbf9a	2310a452d44524e3a0bd5b7aa43af97d0183260b
public	27640e70ca7d98d3dfbfb12128346e4e06dca932	3e8363c3a30b7f121b60f73742a384c5efa63d75
public	b668da03002df73edf57cbf0f32e5462345e4034	14dbc3d74da2b3ea228421d55078a76b0f6fdb63
public	6cb8216a082a5a738d01ac5a14964304186e8338	225e3a90dd568ce739c1093907daa5657e10c542
public	28fa2842b9501c648e06a085f6ab09f3f7d95bbd	87eb7e84ff156cf2550df8fbabafccb3654fbcaf
public	9a604b13bc3331c52d1d9875fe05d5c8186370c9	ee98a398ff3a36cba45c46f7f39981f5c652a419
public	aac79e023616bebc98e4f84c7c49928699728d06	3fdf716ef76fecb59ce2d1ccae2cca1b72d883f4
public	cbcd907dcc0dc37808dd1ca063228de7cae2aac6	e253ad470a35b98948b92564d655203a298026b3
public	8b54ee531cc26354df7b289aec1d85a3772d8425	17623c3f3d782c85a0928729208808fa591f5956
public	7c34599eb1943df0c387a578c1d91c2dc1e8c1d5	36d149492eb151d85a6a9015023d56e80329b204
public	1e4b6f4c89991f9b240b5f67b3cdf13d59600f58	741ad7147917c29f737be586a3140bd81a0cd962
public	28e725808f2a4e3ae463add9a18299287a9e872b	d22a800154a209cbfd591f31248d00a2b7720619
public	37fc8cf92a13a9b9349a7a51a2eea547dd6802cc	633bae9615e7b6f4e4d02f9897f685a4a8aa86ba
public	c40fd943cd64015ae44d11e6a2ad000a5d293c30	ad5b3e15edf1b4c7f157d1589983564bc1e455b2
public	ebc0667045d221ec3831d00581fa7944af7e0b4e	49f7876012ba7facc212b51a2bbb09804374fa4d
public	809b8d2d36d6849822c849c388be9d01bd11fc14	c80b2e720176fd6520f10f07d956c2163efcb294
public	3e0bf03fcdf86bbbe42a922a34c8bd23a4a7b2f2	9bf2a55a3b933e8c137df134a37111542d2a7c37
public	3090204a00178f4ec1e894752bc17cb59caded16	0fa7a23b6601980b4985c0aef4c96ddd1d2508bb
public	972edb2c1249127d37ad86b72fc0576b709e3c0e	16d5c56876e63e65ee1c84511a100e02adeb2680
public	ce5cfbfa1a1cdb2f9e760b8fc01cbfb85f74ca3c	c24e361598d2d2e3e28dd3f0055cf179f7692768
public	7d3f2f098dbf60303e26567f1a9e506e792e94ff	6dee09042316a49f52aa3bb97e768e893f59ef03
public	765e4045a8588f19e29c3cb5d6a4d3d428eb989a	7220cbc60f693ad8048773f19f5822ae46af142b
public	98157664596f6f972b3db61b2fff945b278a77b7	8ddb045b9a1c0613070741793767a51dfc973058
public	040a893d1e42de48d5cc3a43239ef32a91e1f00f	fed7004dc570a4e3431f5b95347d5b1c0e43f919
public	ec5c853f688b9fb33ecd034e739a3b7e77dc25ae	c85ba6603d6581b7ddb2d9b3b47130143c5aefd9
public	1d192e585549509424d28506ad9c81efa7e3de66	21838928111ecb461cd5129a111977358cf74793
public	731a3ee37536b981cac03ee035d9c56e504bd518	41ad001cd4b1d4c811236a9aa55d78ade38161de
public	128fa5e35f8054db7b309a76e3a5cd8c09a1a769	a30d688fa0f7e6f0a434d4e9d0b0c63c6abef430
public	dbac91db00aeb87e518ddbc9c3fc45a266efdeb5	736d74f9be01de94696b4617e132dc82690bd02d
public	5d883aacfabb6e18aff5211dba10174dac8a4551	555c985e3b963f572a5329154c4074e36988dc34
public	1da709fdeacc6b54d6d99c07cedba22a9e71f7f0	ea1fa9404c14d2f40f2b9b8344be35863c4f2911
public	87feccd7ca12e3acf2c3efcc6675987f41e45954	c5399817a79dd4db24c59dc1038b673aa2578a8d
public	93380b03cfa97bd4c969120eab1363a018c81c9a	81ce3f0f416d1e190d25839b083139b48cdad206
public	d748e20ffe89ed1d242f21038ea735183c0b8534	68d30f751bbf7640933e35b89eff7bfaa6db3678
public	c8304693f9d2815e34ab8d39d887068429921794	fc3028cbb425ddf926dfd760d47e49207b54db99
public	0e6eb0e1bf543ff239b85a41fcec8ed515fdc248	1f727a7a34164ef7239c6c3fa83fea284663eb74
public	f9115e3e9a59cd7a21e9b6a99ef79f8dc8a0540c	04fd7876c0e4c6740cda01b5913319b952340bae
public	b5ecbbe7c0d7ca539fb1574057ca32610f5d3c27	fe0a265450e02347e9e8230c2e99dfba40f5e155
public	4bca40396f91ff7998efe447e7f685f7d16d8256	a9c1e4262ef8650bbc4e42ee4fccdb615e612550
public	7b1d71a8f8cce2c951be11b766330455b08c7abc	ff159c0ff02f0df7950f731a411d0107ea65835e
public	35bb9e5ea77fa9550f8aeea9f5074a1d203cab7a	eb2d99c9b113160e30c8a9aef730e6394b9e0780
public	a52ae1124fe3daa5e705f4ebf256519722de82f8	58d9d5fa2d54cf3e8994ee3a227d6a9f701748c8
public	4a85da0f691294a2a7db9847237341b03c225145	5bc7a4d5a6bfd824bc9b662eeaca28ff0dc52f95
public	e1893a1fad4406704e77bab5992217f8bedf788a	15e846ef8e3658d877e9aa1b4a16bb376b575abd
public	695734730c43cf9a83e233e701a1ee9bbc0d131b	3e53e42a1152f553ebbd6a9e01f3ec4ced7b34ca
public	67d89940ae3c92dc3b356e80813b12a1cd4cb79b	ae0e6b5e62e1e256e0d374e9e4fab0605a1dcf31
public	695d6a66f2afe33eefd776a58a72be054a467678	27026c1217286029d520c6035778ab037ec6046c
public	65b1ab1526f9f02a5fad85c10c4b542a37e634a3	fd199e1da189de1cb38fac8c18ffd1e839d30866
public	eba8fffe28682852371e1cc2fdb0e5f3576409dd	212083825bbf8551bdedead3166906d774cc3d97
public	e8e4b110c64a7f9a45bb4a6d5b207fb97ce967a6	294103d785bc21c0b08754869b6f81bf65bc82a3
public	9650916ba7530bc040c9717a61c1908a36f7da88	a8fbf15421208a71379d35bc959e4c07396db635
public	9fd97c31e89d2637eda50c5804958a0068d3c3c8	67a25c2da216007c45616cf6998cf10a1aafd815
public	0d0ce579ad9f6fdf4d7a5e3c37bef2c8eaa63cd2	283ce1257ce9932dc6d903222424918d6ff7fabe
public	2cb5bd381fed4f0b37783841aa2a58610ddb73d1	10f952e75c16cc7b709591b3036180b67243aaa2
public	58c015bfbe6124e4fceba967c75f21b11141e894	c7089630fa57d17dc5b958426b5f4d2cec950314
public	d867b2bc4eb55d3fe4f0cd815b5e6fe3dc166aa0	84acc9015b903d812b4dc79ab06274b96df301be
public	290c0b39f23f929a3f08da532e3fb9362e6fbb39	d9d4342c9344e23ac2f7bba4e49a122fe220df26
public	b3549dd4a82e3f8cd4766d8250cfcbefa28533bd	22323777e779e14ae3780d60daf1583b5b05eefd
public	605c78eb0ad060a8e3e21016c2ebb459ab830b3d	3d1236d3ff514a33a69f82e03ce60368c95a0742
public	3022a8547b46681915849ad66f519ba0794ff6a2	99c17c2a360aca7374242c30fd2a023238fedd53
public	7275566c4bfff6a8a8b360629919cb17ba0d34bf	52cb291910b7b425510e1c2aaa2bdd9f2a08c864
public	b8638b648bf9c78447aef41f15cd55edc0565be1	4a726e6cff624fabca7d7c0188a3a36698adbc1a
public	4cec412c9188cf8cc9c2d53063b8575ce5f24f9e	9c6815022bca4258c5188cfff606db804e7726cf
public	1ca5d35d451faf10fc9c91098913673c9b8e836c	55c9ec4e8754e000323e65a16867986f8d81d997
public	f4a18912542001edc6862970256745080c8e2496	b7404fcadea9c41f051b2e62b8ad28b142910a7d
public	b562bce6b57451dbe8b81ccbbcdba6dbb9b885e7	6e47e9e2ed098d06cc735b8777374e6ef657939a
public	398ce8dc9ee59f2afb9123d7831ac19aa5902d1c	de6a8f3abc97b19b50ce092e79b59133e0794fbd
public	c010937ef43a080652a8f15374b57e884dcb5f42	cd3abc4507034fda89d15af27ef4d84ebe288e75
public	d83332fe7723817c41db685e6a06c990450d5be8	17867866ef8274032ec945026d9d9b4b3bde24dd
public	2b2129a7efc1b2bc44dd49745d7649a4ec2e7194	8193eaf34eeab393e923f26a9782797337d031df
public	09f905871e46ef4916ca31be641f249b6cb7d232	58f16b1cc9c9d6b542c957fe04ada562af31c029
public	05c18732f2daa0d51229c1154701625ce5b4ab37	486d448c89a66c235e329c151ef02f743a9b7365
public	01e040fa928723af94ce11ddae7eb6af9a577243	44e983492c075a97a0ebe69f092c46bd797e800f
public	dff7ed18678a29cded984c85fd9cd5b2f1d1e013	d5f0527abac75d3ef37c10bc5f18a0a4861359de
public	54bc1c08f92f0955b0fb39e22e2d1691bbfffef4	af06c567dbaef0d64fe6375caf69583368412dae
development	50051459424f2e1513ccdc747f49f6cdc0c691ba	47b95a7e34573c643cd47c609ba1af450fed5239
development	509b894c4cd8d753a7ccf4f48e2d3a22affc6305	14ae76ca7f05f8780ae26b5735f79f552804be02
development	ee5a591613223560381421b893ff51cff83aa20f	4e69edf301d2ba863f8a2e5517af110881fdc655
development	48c59e4a33a8aaf695c9bf19b2aaf807b53498d3	7890ac553739d33b398d5d870d83c962f90e67b0
development	28188e93b04cf7b535be9f28f3037747828247a0	a94895a981e1e56af161cdede422924bf302fbaa
development	f1d5ef47974a9dd40ff234829f18df994bb8b58f	49c696588e8fa8b7d941f1ab6cda41d8332df054
development	1e8130345f1c49051891b9bf14f8756c1531a9d3	8ed566a7b12adc4a18fe7e1c355c5626f0d78a8a
development	6be0959a0fc715f6a01f26da608425b5761270d1	652814c668ce3553e82a1596d8fa7a5f4126788b
development	44ca1f78565b1b016126e1b60c1326cb16444d2f	8e3b0a415c6b6a4c48966d077978686456492780
development	40f3f3e09cefb332c93b685ac58c540992f002cb	26513f065bb37aef310886fb64ae9ea4aeb11174
development	48dc1fec5c8774f57c2fe76099c13c573f0de667	4af0bf0fa99837bc6e9aa2aad38c0bf3e900d43f
development	4128ba13a123db487e17214fbf0024821b9b35c5	df71d6aadda42502a7183d5ba42690dc5767eab0
development	42a20f3727f012cb4d8f5eef2cdbd0cd5b94e13a	7f98d8e2e1255264ab2ef413f2b357380000c604
development	b20f558cc135f17a442bd265dcd54b3999e3f3fa	3565537f29032d7b701ad1174aef9c9b12f98a28
development	dea3d21a7476d0d715bf8c52f2c1a05e354362a5	d12c7cb748cb74ed5c9e5c98fd3613275aecbc6c
development	4d2816b5528b75192945994a51991876dc0d6d33	22888f9fe77465216040ceb188c436c33d83a135
development	9cbd49a6746b836889075e4050e92feb6a8479c9	689c8bf9cfa6e9e213b2c31c1a0005e9665dd8cd
development	78d80785b74dec82a8926d444592bc72763c8367	72465de9d8fb42d53e9a36ae238413c944974d0f
development	fdfe7b03382d25e0ba48b41558eee4007aae2914	094ecba69001ff89c78cde1491f5208b734ec40f
development	834f737e8cb7f42b69f19f12707435b6ed5dc50e	7003948001ff9762c6481d2b9f2013522e0ea15a
development	e7523f75f381b9d4870ad8f4dcb430a4aa695568	d334a9f42bce80c81450d309fde73cf691a57dfa
development	daf4d757b4054f1d6ea66d4ee6ca830167bfd5f1	61a1941cfcaed5fadf9cd5a9be49e83f9d73c703
development	ae88bd80e261b9d3ff94d955cfb3f214c81f03e6	60f79e9790f58fdfc6b7e0a42394ec2c924631e7
development	2c9e16b2c1c05677939bb075898bcf1de0828c2b	b62f1577104f469d383b37682cd8ef7e9dbc021f
development	e6ab1a0d06442e80b40f8d02a814107e92e15e20	e08317387b7bd1071d044a78353ef1211bb4d605
development	f0cd13b533242b0c2e453ac9f2c2ef332374d580	98e6adaf28b52307687300f344acb1c7e3bfc09d
development	bc6054e375088f012c7035ec6ca21892c91f9d85	f8a913269b1a418854caee7905026b3a719d5210
development	0ae202a096683e0b631bc8b732e5577dfa07c3c2	a89a227481cd73f5337ee1bc416cb4ddfb4a6cca
development	5710642630bc50bbce38b41b97c2e91246075232	853057b778e5c2bf22226a2ae583054cd2261d65
development	058c7291ded8a16a9605d5e1ebe7a6dca29eac40	beafe4c65609a5fa85696e991b9e34933b0d03bc
development	59fa32e81a6b09bdbb9f8709609fc3955075a321	93bea6aa8d8758c48d6689fc503fa6828d9a1fb7
development	a14d20052543ef3ddde09c0626b42c441e407032	a82bb8ec6c0787b10065d6392ff79a09b5231870
development	04568ef4c9e95ee4e9969dd8dc0cd5d490fa73be	2e1b1235e62337d5b5495c08a67486d6c5073ad1
development	77cdcc6d89bde51ce5622df14721864a9f18279b	20c36904093611624e77efe163976867eb2ff5b7
development	e9722f8810d50393fdf3a5048e55b0ca4b7c48fd	6311de9de0a0f4039dfb383b7836cd4b5c3b41d3
development	1892de810741342dee63af0ecfb95b76b162a02b	ac11d8aff8167236a842b8b59535b9e1d84d25f5
development	a19c7e7cf25441433f816981f19654aea68e74b9	13be0cf9ff8d8bc8f95a39ee428c05bf94e9a6dc
development	ce783f734024ec96292287a48d7e7f7592a9b044	313f7782a7894c50049d69d83d8041c2ef07ab89
development	577a89f2e49f7ac1f3accad729bee2fa9e1e7ef7	aed6e3b974b031e7cb311a6783169eaf0ec2967d
development	517872541aaeea966e3f32014859d952e408cccb	f309309f344045bc70a79c7132a51223b0ca3e26
development	42ec4909ed80c3dc886b3f8888041a1281fc890f	abd9e5b97c37a293c2faa51394fee1b1f2cfbb52
development	8dbf6ef0f1c37ea54e79839c9a7b1e4aa54d845d	5542eb7f13ec3944c7151be2b99cbada33309801
development	410e68555bad8b92bb80120a6d152e3cd3d10cfa	4bb2d6632452db7386fc79c6dce027c62584d757
development	49ed4fef35b372fa536f8d5e4439cc14581d247a	cc7b8e4a058a5cf365da58e94c9237915b9db7bb
development	fd039a219871754a94a1a6fe6766a12ca403d3de	ccaa51850a9cb276f17bd8551b9ef6d8f5356c47
development	a38c084913195c6e5e31acb3f91dcb56503935ca	2ce295ef33f524c990c70b9e9bd5836e410aff4c
development	ab1b657a9d8da01cb50f84293d496554bc05087c	fdc5d7d8f46201e99327b12e5b338506d2f5181b
development	6219ece8b115509fd5aff991e9417d2a35fbc12a	6d2c2d5cc96d2d5c02688219676e81890a259a20
development	09eb55b16c4ff2d2b416a42ca57775e44417851a	aedb5f60c794efd531be048518134604911aac12
development	1d4f4ce6eab4ba08be95f4cfd3535be69768c7b6	f126642e2289d5d956a4b9ce3318e2c0f7a83bc8
development	07c5b7e85d86af3973b7d3cc44650bccd7493ce1	1fef4f321bf24079b2b0909ffb461acb9f067d17
development	2866ea8ab6647677bef9be1457f0a002217156e1	68d45ef529f83a752580167afec4dc63d4d2e644
development	e9a4462dda042c332b75bfe3a42d267f30c7ffad	5b7d9430ccd524517fb35ede1ddc6d57a84d2467
development	bc8380c7a40bfd4db6688250067907d07143b600	c6d719f0c1db83f340b82e1095552c8314fb5338
development	34053b7a7c4fd2c7fb5b134a8bf46dcd88bb6ced	a9a01162d662bcaeded7861b7c102f0987886938
development	80ebe094a89da8439a2c9ff08c753c6653104f0d	28151cadaa31eb2194ba54e5b2eccb934d846bc2
development	a90eb8a1bc98361aafbc26af18487ec49a24f8ba	128133da391525936c382e19bdf3992c91541677
development	06f837f57e01a7ebc222b25bc6ae620a18ecc150	24b249f54a353fd88dd74a12065430b227e99af6
development	73e68d5ba380596704acb9923823b62a4af0c9bd	aceff713e88fdc0210d56bc1d1f55e30ae33327a
development	cc6dfb205b975813a8a2e3a0f29b8b2457a8d4dc	43f1b963c6b95a230b9c733907f244229d98c0d3
development	56a56cb69e591a1f058d0c7db45f605119a75efc	046b2124b839078e52c7487cf3305b99bb8f4bd2
development	f9d019acd4cd4a261e3486a82108b34ddf62ae32	62f301797ff8237b2cc7340cb3b56063180aade4
development	7e2fa55f7fd1d0856f15b87388742c4f6f8c092c	9d49667e58b42ebd1b965769cfd181cbe6ecaca3
development	f616c4ea9918003bf4eb7cdbecb2b675021b5ba9	0a03af9f4a70b142747b7f476e66d364989ad0fc
development	e48d0eff10ca44bb52224e84b7ece5212b4cd13f	ae17737077144c72b7df0eb1d22503b6992311e0
development	f93f58ea7325f6b0e1cfcb72e8aba60b257fbb41	54380747f0af6f13e13f3e9cd43e1cd9b026ec80
development	dab11c5889410319838b41975b09aa597175de34	1dd3db803fe8e8a525898e43adc5fb32fc3cd577
development	c32d766499b77b35d720e2c3eba2ef9bbbe2b7e0	df67b0c32df36157cc3888498ea1e9912d2ad47d
development	3ed9d1c292e13f9b4f7d28f7328a3542d8ff491c	b85bc86d751d70bb4fe89842f30874b51f391969
development	153737509a5d93e4a5eae1ca0101e7b37f5e307f	3495c1ae973a9b28f72f9decccaabcebf059665a
development	adad4042826aa0b59244244ee3178259ba210c10	27235de2fb46198170d229675ecea8885944b241
development	87d929184eb657c5bff4b8773612e6fcd5b77a9e	c135b9f4c2f6e98a4b6887bcf511b034ae216e0c
development	268e293fcd6481fbe06462e0da3f65eb031f65e6	100213d5a3d5d0bba27cda0eb796676a22425b02
development	358b9c230613e80eb9e2a634968af3781ac2f2ac	dfd875dbf2ee0d0833a926f3387eafdee23796ee
development	89af7e69493b5a0bcb07971b91eecf064ea4606d	aa69d0bfb3c39eb6404cf22243671079c8fadfde
development	f41aea7c933d9e0c074f5ff951e0da6abe717cb1	76c400a5288339a176e5bb6621ab9c4e9a178425
development	88b974e5c08e68cebee563d6f4f05acabdc5c828	746f9870d471684d1f9950ba6e4e80de84a5d0b4
development	c2f97f8560b2c2b965935dc8e419d8eab5178333	4aba51202e71cf1fbdd601bbe9ae6fab1323ac7e
development	4c538d26e29019a4bdd983f1df49543924f273eb	87fb63f4acb98b7b20f83b19260dc427db713ef3
development	712a1659b904f8f2e18df5db463231507ff1ddf8	b4d3b656b2b37bfb3cdaeb348730f3a7a1dc9c10
development	b9000fb9969ac2d0611f1f3c303dacc21a1f998d	9e05f5e0b9903f7d28fa08b24d8cdf3e2e4edadc
development	851d86f25c4750659a1d2b8f3778921c35765044	48fad1676a176e881b840ce8592675379d85f070
development	af3e0131ad1f3202fa74077840fdfd88de7a1720	3f5e8b2182949b355bfce225c8fb78d26986305a
development	9b1eb2f4bb8b546947bab03c74e7b0887741502a	3dc393f552f9ed987481d958668876c24b38b21b
development	1d5c4dab4407b9713de872ec46f6c842455b1bea	d99676bff4529d9c6c729deec4d13146c7ec41f8
development	dace1b511668d8c774874c60f62137dc7e02893c	1abd44b546153615c6b19c14fd48da0aae534a8a
development	fbbc2cef42022ec8e10a765f32ee16bc194e6273	f1c2e9213693d12fb3e9b4bf7d16c9b2253b9930
development	e370e0a5ea725dd5c4c187c1bf9ee60e03b8ee45	61eaa589bf19b1100e0b7ce0f500638354de4ca3
development	33bee5a0556b1427a7c09d7964849ef1fb92889a	c657fec52bcb37f1b09528013d8894b6ac16c844
development	663a6b9be60acf0021789cc9f612a62254fe6839	30024eb5616a2b52d3bab6d8d4ebe9f9bd41adc8
development	e457e945a1a9aba2e34af39444bf43c447c08ffa	546b6007054bce43e23d55d06b524188c39ccb48
development	b764086eaa330a5061df6f46c0b9a0ecd673103f	1fead6c365e50c95b56836d8d810ab84b666c8a4
development	4437af2dc8cd54de34ef08479ac0a4f4328ad3df	a8895d45b3b71667c06c47db1909dbb023171ca7
development	3a1f4eb3525410f4e12951221dc25a8bdbdcf389	7b483d119861521bc4dc86ccccb6ba5e3d893aa2
development	6a4325308e2fb773aef0cb405fc9f2f4d34e2824	d194b8b91ff3ddbe9b77ae70eca313c96af06d38
development	24995b55f1d034b7b18c8425e9cb10f240b8030d	ce9730bae9a8af041129c46a4626ed93344e4efb
development	1734894532a53b36ea92e8e6b8ffb577f93b7cb5	e713500c57dea993a1c06a1c49592f62d0d8759e
development	85f297ad82f71978a87c84c97d9c1a5aac303443	6df3351badfa9397f5f3abcd1a9601238961b71f
development	51cf8db7b10359e700cabc393c2ba0e35d6ceba3	7022bd5c94b177bd80868dd842f286ca5c2d022c
development	3817bffa83a5edbe81f31474f2342bdaf23729e8	72df51a59bd18a7677934af4a2df5d3b4985a08e
development	932db8d950b8375b81072c7173b99bcb84ae08b4	79a7834817e2bfe5423c99b771689b63a6c8551e
development	59f3ea88bafa895cc34078251ff838f9d6facad3	1138da8665f74862f54c1cf514ee51077549b7ad
development	7c232d519657dee95fd62ef0fe9f0e96d893489c	dd7ac52f3535da397f9d93f8f07d6e34e17d4b39
development	4f54cd64722487c94f2eb6c1359bb6a3d1299bc7	6a130bba5d9b6c49a5cbb68f62550cbbd6dad087
development	bb6e7beb8b12fa441d40a99d71a6dcf27cbfd20d	02812ad2c038d653749ed13e33e71367cb40c7f9
development	24a10a7408a73145eca4238559f3d931af4f4e54	a05ff436eb239168acb015ea5b1d8f3ba6219284
development	c52fc74be533f2e6be8ee3c946b322d9023062e3	e16bd3c42f33dcc7eb324375222be49a30f919df
development	f59864824de3bfc1b1650ae869e7c5c6111ea138	c0e42187f708d1439d4f0853effdf5a294512f6c
development	1e91eb01b0eafefe63653865a9bdcec155021db9	801ad4560444d2d0c5f2a74c8ab7dd384d014c8b
development	564cb630baa8cb9b14735e402f55f9dd76bce6a3	d8bba412da61ecbdf7c3c5ce77697c3c8adbb8c6
development	5d809c6924e5d1c7755ffc072af61ba400336f22	1008a6843797e2b9d4134a2bcf56852354bacadc
development	30a1a7732236cc60b6073b046faa233f14c0eb15	b64b736bfbb7021364f4b1b2d0eac47a68381a9c
development	3c4ea9d3fbaf89998bd42d707b7a4b784dbd7c7a	fd7249cb8a05b1714e724a3c47666a545bd17755
development	415191771bef71a965374f0615e25d9b82cae46c	3a67a1a909d3d4ab58cf917047b918036bb0e7a9
development	529acaa9bc160f246c5d2408795b397a80381d5e	bafcf4e39ccea0c9387c242a0d09dcef14fff02e
development	fe1452d4741c434bebe0b90961a9b6fe0605176f	783e6ac11acfa477e5c263cd3a75bf070efaa502
development	bc660773b00977a41144e2af5842c35e1e21f144	70a6ad1587f58375a9757f09d3bdb3716897dac3
development	ac1650bcda3c34bf317b992bbd60803f0a9a722a	485e782b95aba4a157e965adfede465ba4acdeb7
development	83424233eeceb7a0a92c6fc68c360ac1f33eb419	f9fbc2630446b90c99049fc9c1cc669e4d8bb217
development	ad26b75e017b2c0b6462f6eb24883b5149f8e2f5	c1ddf223294c748e6bf62a5b5c2e260e9cc8cfa3
development	6ebfeb9f72f8250162ac64325482191f48a2ec96	e1b7b8e809917b4156a6477ec08734037a511cb8
development	712aa6319d248f69c5f090b7f6c32c362a39bfa8	5a8110a0c91b602ba06fb64fc1ffc0b3a2ba8b85
development	5942a5196cc4d399d1a71fb8729c9dbd685d6f27	06b41cf2d4321bc8ae32aa5aec3c857e50332c97
development	264c11b86767f49f4de08716eca17092108bbd97	83bce6159e864cd6353a6cd6d29c8894cb89af6a
development	44adb886145da4f99f809b87b93442ee85b9bfa4	bbde2a824e6395011f50acb74b4ed5c57736e0b6
development	5ee7fc15cc3c66b56109dc8b22cff73925c1b3e7	82b1bb6378a0114dc1119c4206756ca12e43535e
development	a6c155b9910bbbd5fa50dc8ebebf13cf1fead0e2	6a27bc5be600fbfec048fd823494121a8ec86bb0
development	1246ecccf5d17f2dec01f2f75f72a0d84c3e1d34	d876b5e5dd5dd9a1ddb64ba6ecba36bfd7601287
development	489a97c310145dd6883e0421ef94580186ad4fe7	c9e9b22c987b39a147f109bb4fd1961f22e84ee7
development	e2f26433eb1add9ce0b5b8ec265660a4a93e0257	8d4bc9730ccd98ef129f3301528fb8b2c2f4963a
development	1e09d4b8c2ac0de5326b501005754befe8b6090e	75c86aa1507b9c0640e86757b2fc44b719188034
development	73bfb4b255386e354f25fd2b72e4ef4c513ec78e	a1cdf5ccff814ad2deb8140d7e85b27454c1054c
development	728b10b36bdd7c2d764cfa01ac15092558bdfa3c	d5df526a7560806546ede195469d46cbc755a509
development	ff41446538e338d48d39e09a2e8d2a410b895ff3	8d75a294702aef05006ee29b04690ccad19933a5
development	e1f3787d4765999649da993235bf392e0f0bb02c	ab8c62c0f8c4b290f91b55322046f95323d56e91
development	30d92c590eee98484e7e7f544a11730ace2fee5c	c9b54089205bbe8e9dc8d059832da95e7aacd07b
development	0ff2228f0af6c06e37969e417b15032ef1a8362e	bd2aab3e126bb1445cea8ad05330a1c081469a97
development	a6bf9bba7d890c772c880c5a824612ce68baf3fb	9258577a598cb50fead4c362acf6f71b0c98230c
development	c99ac2f141e68dfc73a95eafd2127de5c6dc8a8e	3b8dfc22808539da06f3c242badb5dc3d38e56d3
development	3a21f308f417cb398d51e36f44b5b9748084445d	b8c8347372da40215118c760be3ed9f08dc8963f
development	0b9ae69aae26872aa687527b06d983b1b553ef75	1826880d0962ac262e2b6a1a6d91e8fe460da7b5
development	5c1bfb40354594b81c2c852a91cd501fe030d7bf	e13b3947b0fe652d454bed0503a0a48fb169cd2f
development	a84653f841bb05d91d599c974b7ed65822ed0ad0	303fecae9a497ef3eb8dd05e094e456cd3aa85ba
development	9a22578443ec11d7551314dd943b4f032defd238	a2178060c0f26e36f6974c3266e8dccfaa5039e2
development	c3104cae71ccee3bbafcd76869de7b205c36ec72	384cb8b5fb8d48cc3bbae4f686ba4cc4881e8ba6
development	5d4add30a4dd7bcb19723621b91d8b98dacd06a3	14fbe614db331271821757a8c729077c0b42f91f
development	8ef3f8f3f750a8b77880ee54940dd04bb005b46a	0b0b8c95cf7cc3114c65ebf043b187f988256b9b
development	eb8ee0a14e2fd000257b7876954391865f615fab	671e188201dfe3f026e3b7a514cf1b862a56f77e
development	2cec27f168af782acc77a615be2bd6cb35a24a25	9dff0757cb03916cfe8c28f333863d73c091f273
development	46be7db8eb29af814e5dd32a56a3cfb83c029bce	360e7863bd75f4f79bcc737af4f5a6e5607b97c4
development	4302b9e31f7d84c374d56c9dd5bb07da36fb2920	f9db07c3374b7c0b077a5836ed4282b08adfafa9
development	ff65bf56570c81d5197a7cfd648153fcc074c785	0e95369c5b1c5571928bf6212661a804b7a4b53b
development	d5d356f0ce864553deb788be807ed63c6343c580	bcfa8905d8ffd1c6e37d0e839b20d14dc9c97b9a
development	d4a8d07943f83fe44666127078566c12cdd956b7	87f9ad89edf433accb649e646a175d9180cfaeb2
development	c201efd403c63cafe87702935d4ae138ba5d5d40	4e63cd4910dcc773fa43e7dd113824bfb042c9f9
development	fd00ce03a9a497a5fda4487c11f5becd97c53e5c	db591c5f8ec3fb6220b51b1ee4fe331bb046c336
development	1df9bfcf4056e4572480b5c29908a39ecb3f82eb	999c4a3810735658820238a8b35961ec5425da25
development	11a9901bb1f78d6cd5e649a59739bbb0b7600978	0ad465c9eb9f0d9b432c8c54432ad4fed5b4f042
development	30ab0ab1bd263aec5069c78c5ffb119cbf8db5df	6c30f5343ca5f4ad7c2939c77845e508fd164120
development	57c0db4e06e13f294d490b551ae1051ef19442b4	de73f9f22cd5921d86b43638ed49faa9bade7c4a
development	46baef9999aca79b030effec47dcd909b56648e0	d249563bcc971f4bd1a9ebb3a775f752bfaf99f4
development	ed6644bef6f7adf781d3032a746facbcc3c4d723	0e8533ffd8989a996a6ada1dd877b47c7dd14427
development	973ec77d9fd306ab7ffa597fec5f13129ab4eac8	316695a5c946f51840aee2f88191ab2c263c9833
development	3322279acc26206d66e5fb5d27873c893bff31d7	7911a5c17710ae1b399b8b08afffadb2b910bf24
development	00ed7f6e13a8e0e84776700150df87b3934c5a33	94492cf46f55d529772cc1016115c772ef727b5d
development	60f79c426827065f67fe4fed04fa9f5734412ec1	5f5a59b5e14b46fd5418bb746b8c14a77cbb07cf
development	026d2ecbfaf7c1333c913367da80fbafd754b1f8	05a51f2a8f3084e181f11bfc738e3d76ad636da8
development	101499ff730aa4c69dbb3751372fb48ebb2ebf59	edf19c702616f246b18bc14309660cb373ef8bc9
development	a5586c1e67c88b7a03f8ec7edb4597e14047a23a	491b604d420d9c1c446b562705e265298989cb52
development	8470c86443cd39b3895971d4a7ca32c5e69d1c12	cdb657ee740fb5ef6a81a682575f5eb9a5091a65
development	96b3735047b6abeafbaa7e938a2df25e17d69151	19fe04b88d51ace6fc016dfc7e4c458ed5bc0b87
development	cd1995d985f474e38d4eeb06ec94840fc472d3ec	42a66f9849e8cbf13c3d7b8773b88311c55a40ca
development	5d25aea32e370c04dc2cde6aa04264ce26c49478	6ff93e9b78d2e8b8209f6b9106b408eaff709699
development	0b8db694cee2ee1a1e44e87a07cc3f6b89a07a1a	9c401b307a93446c54a3d23c8952677441cc5300
development	0ff384e9acd41087222e09ea88e56c16f4486fc3	50de1a83d9f78ac3725e2854e98a36589d477367
development	af130d2ba512e536fb1be34fa37d016923320e84	9cfff4fd20004d031d844eb65fcabc179e31e31f
development	d65b7598a8b42d4920cb6924b7e32f77c8ab35fc	6fe3d760107e41aae4a169253b24f067b1e32a95
development	2bf77e7656a1f20f4b0128e2edf22c7a3b253307	47cdeb8e1700146aea2bb49b4d54ed769004106b
development	f8dce5f273b522314f899e296e92b6f0cda75c92	e5f061868f5c481eafd7d553ff0c7398da71a88f
development	b63278a956426e3a91a6a749649717fb4491dadc	e21de59d0dff088abe326d59a62e3583d7eb6c33
development	9c8e52c9c749df1fc800b552b1bfc50ea7e59836	5ea570af506f2efce069293f6baa11b53beeac96
development	104b0614dd8541f129de021d3b6955b390749b16	5bff4c84f648a73b1740cf9d8fb409df0828393e
development	ebc8a635ca4bd915328f72338a8e3645cc985842	6a07566a29015567e63cc0eec2a4c0a2d3ad543e
development	f0f544ee9769e8cc84d9a11fb36628a5feeb1ff0	7f134d3d4e5ef2fb1b3e5f61e53b935cdcb982eb
development	c4e9ab40439b47d6226a9dbd234f810cac6971c5	fc59d43b7d2b4257faddd34d3682af19fc2d7466
development	0d37d5d9c8afab2b3d558d52b596510dd917aaab	c100db54f7c00823fd8e26240df353249e586ca1
development	16be826df1a9ae3508872ec8231043776c9dbe41	d6cd67882ca1b7321493d360bf7ff47b19e6c687
development	03cc84d3e3c169094e83d9193bb0c76b681f9e13	58a60c37e57167208e60456333792bb6314e0d10
development	a2c4cfe300a48e582962002fea842c0f2d7af3b5	a8485289f742a67a149b5da0870a99e5318a9590
development	92635f099a40b7b086ee2f047318b8d1724c2aac	17092a5199a02eac2581e3b7227fb6acf680bd38
development	b0a34e1ff5a33b290fffd1f150438f83b91d35a9	cbf999475311da8a02df4bd229e45e63c1838a97
development	c2d76c896d8602c431319624aaa42c85b490cf07	90af72275c53ce51f9d39c848bc5dfb1d100263d
development	c1d7f14fa78faef2b0a993983acf168e05ff3944	62a3d710435fe023884fe565cb56ab13d8b6d1aa
development	85fb08f9570a90c00f73e6afebf85dfb5cec5c43	87513310a289463ecf4037bc381581757358565b
development	9cdba42fc4f1dc7a8164d8160ce8fe5d5192f32b	cb0e7f2d4d00958f9f6554c36693c689693048a7
development	ecb846ab102aed964930fd4d11dd55cbdd8e635c	afe7209482a4e0794d4abfca3f37544090f84df8
development	487bc61814bc69cab105f957f45c6cc9e48a617f	9ca8b842ac6d7eca62161da0ba9745830f7614a0
development	60add2ee8d2332300bcf5e3ee0527c7ca6655f11	d30d50da08da591ced1d7315bcf03ede7f855f6b
development	a3d00dc396017fa11936f75b8e7974cf0c968dfe	1e5940c452bdd9e2503e4927727fb4746dc5ab35
development	f17ae88a3e7c0db64071ad91d687ff44e614ac4c	0399fe292ec5d38b226d7271768cf88e1cef0e21
development	1f384f3d96dd92a2a3290d9602dffc66d9d798ba	246fa3d72acda69c6c01fc423bc1cd440de1625e
development	0add162f52ba27bf8937c7769b505841a190f30a	5b981c6112ad29651fc3f77dbcc02be7e9f99dfb
development	f5e872fc1c59a2210afc541edcb33976c2f278f2	c59a7f332278722f75b7aa3d69b8c4f0bfcbd8ba
development	2ef9bab1598be56082e8661263f2b3e8b3d204a1	83732d736287c635b07c30e80bb56c51241e00be
development	87453540825d1117efb4090e5bd11abbbd6a9406	96c67a5cf026fb43fbd494bc6bb7f7b29338c8bc
development	3e6a2b5cab84a1d0fe57b32fda8c3b739ecf298f	b054b3fe8b66aa911b614f35eda87601316be221
development	44746c867b1fd20b0b35759b534666c91e14e4bc	c77d3272457cf54fafce100bfe31aa2dbf84731f
development	e70b3f52a5f1397c3c04a34feeafc5d09d45f6ea	080efa4855f55879099d0e11b15c13c3df9ac60d
development	24ee9e47c64d840e1d2a065607e7dc2e17122a5f	bab8f80355f8f3073cedda036a48db96c9d47a15
development	98a362ddf069ecedd82af1b4a2f040338c3ac843	12edbe8c5eae8bf22a5d2e9b4c11ae6015422d44
development	168b14936354030cdbd269b19fa8187abf07859d	9bd9aaa4f76ce99613c5db06a9d3f9b05189ab96
development	94ad7367b2d4e9784c6bfe01170aecbe3e8521b1	1120ce4b2ff555e6bd8fcbdaed7cf9f46b973cdd
development	20b3ed80883ddd93bc4bd062e11dbbb1ae8a4468	2317c75e7ef367414f0222f20c0b499e61759ccb
development	942bd67ab0216afab1f5073b08e7e7670e629aec	e25a6078ae38846a3fc874ecd03f9078bdde42cf
development	c30b7005cbbac50e1d46494762ad718c9835ac06	17280a290c274c66d81308da2b12fc72a2c16d06
development	d35ff7818679084d2057ac243cecaa4e32a183a8	aeed67ca129fd8cab3adb0095fdd9c5fd2ffecaf
development	57a284be17a989a6b0a5285a33d229023200e7ed	65f4a0a2077536eb947147cb3eaa9ff5389e21a5
development	5643b1007bb61ff86c081e52bdd60e02f3ed98a1	7fe9199638dd339bfea5b83534af54e0e97991c9
development	267cde9227d1415a0fcef2405a91f277a5cf33a0	f4f11a78116e992025f3f07577f39d97d18b6ec8
development	6ecac2d2f8ee5534a1466b2a01809f60092168c6	3f230d9d6709033284829047cade48774411ac79
development	2eb82f7a21a60c11627fd269ba8263a81682470d	0ef8bad88497b93a22c53a99aa8c3c420bc07936
development	b68fd820b7dba36fe7316f182249e5f5065472fe	affe4ce06e23cae60558b411c80a3bfc2c1e6dc0
development	e0b2fc078c6e2f9d341e13579a62315e70e92968	79841b05b57183cb9934485853795327c87de945
development	cf436ce62fe404a8e901a52fe8a465597758f555	55be846a8a22c348a4e885efe3e06fa5e6cb96e9
development	f466c65650b898b7eb48941c45978414e320dd6a	78ac39052bd191432206e83985dd47212cf86f5e
development	9b620005d15d79221b0c15df6160f94def92b04e	6d6cd7dea1eba9c6f4c3174f90e852a0f0a43672
development	5cef47aa100cf572f10ac7bf7d2424fbb6121e3a	1c6b626ab502f272165c3babe8e5d558a5ebdece
development	116a148718f5300834b67cfa553c87ee0c5a1364	57e9cb10a058aebbd93155e2ca36e622e7b91d9d
development	ed569f7d8ded56e207d3377e824bc2dbe1d2c9d4	6f1880562171fceaf47b88b6db2c9b4ac636e954
development	5cee94d0f26a8c158cd30a61473caf75b508d301	60c5e6f5465bf7b54f0df7d595805c3a32f0294d
development	ff84c56d03186e4fa0a5fa0ab131f02de79467c3	ce638aa6d56b79f34b135337e87a89fa0fbcf021
development	e0da0e4a7789cd7a0fa1f91a49d9a963c286470f	d9192e8deeb75ceb47b9e0f16c4066750239e226
development	8ddbed431fe80845e8c5660da59cf5cb24efd5ec	ae960b5e46c2749cfce94d2bc9b8b8964ea4fae4
development	b3bc2220630772c9af99e8ec2136a4e11ed3515c	90990302ab772227b75eca0112febc35e3138f51
development	fe554f26e4397a60085cb4a883b5836bd6111ee4	68064c02d44086b4c89525f697f41502784c2b06
development	46ec736dcddb2805689c7ba63096c83c7a9c2a0f	384201c433c2b7193002b375a77b9e4a92da8c4e
development	4f7038690d1e4b0fe7343ff938cd45da97e89331	da005a7b866429deb5d99688200fbd77f64cea62
development	f48519cc74f5d91e38736f4613ba262891d6a53e	ff3f7442a6377214a96c53582013a7a993c790bc
development	a242a156ffc0fe77b42f08fcba00a8f1a75b6975	78a2ac9ba4089b921725401b798b649ef9e93bac
development	6b0edb5dd847dfc1ade08440298b5ebb80d8c473	dc6260a86e9a294098005c8da6d3fe85349177f5
development	78de5b4eb88db00479b464143687b07dae283001	1634c14ef31b6a69943f796234efd2eb1b71e755
development	1a1cb01cf592769e01ae2204e3ae93c36ee580c5	07613ab30880c056b31a710a00898535f336101a
development	91229eba7ea010a0d799f6bbb92416925fbc56dd	24bb62d432f1837883f967bf713f876c779b5e60
development	2f6d85f26749b6e146411d0680e6773cdbef089d	f39587798463ad579786a1237685935076d08918
development	efd6da3577c01732689be75ed3700647027e8dfb	d79bc01ce5f7d414a89b0592bf3447b55db9f06b
development	792d3c498ed48573d992c1ae86cbcf085c3e4551	70793e57579ee0398af4893fec4a67bcc18ece90
development	07b947c3cfbdbddc5fc210a58d250e73294df494	f987b0ee77e5cc62e3a2ad4b205fdd7ad0331834
development	e1f28e7ba226cc15cf1f246564af235feb24bf55	d2955699fe2708d802936e4a852ef8b93310c9c7
development	e4c4a3413ab1f66b8579999de8726f01a5507f73	4c04aec411fd085d85a0db6d02c46d46b69818f2
development	531ae84217b1891c625220e89ba583155ba0568a	cdf1541fa55839dfe379ba2f982c328a7f19d645
development	4f2482465d6686d81125420d8195838bda14da3b	99814f5cebd2c7980eed4a6b917b76a63d3e788b
development	b115f3db56d5c3d954250176994f5be37769d390	22346f4c194719b2a2b8b0d03956ab87f051701b
development	5601fd9fc9eff123f4ebc64e67163f6d49c2bada	d8975bc80b1bcd0aee37f219a8e5e36d796bf5ca
development	3a8503c40f233015b36cec393c5fb1000a296ca0	0ee42c6e3a2b1609e61ff8eb3acafcb1c9a16d83
development	269eef09b71bcd792d21d7be2e37f56f9a344d44	158c34032728eed12dfa2eb67397c7cc39ae14da
development	148b27928764c591d7a23c3f2832cd8f75e00538	0821ee299726f684644fb260fc00653a41ef6a53
development	e605172834d859dfbea96ce73637759745010964	8a35af994fbb3de9694eb1ce1ce5a875bf9504e1
development	9585be2c2542e5db6564deeeac59a82332ec4a75	11104b49b55952a1461aad9ed821c89c28dcaaf0
development	1c37d015dc47e408ba6d645921270e8bd10c6a44	5694c5add08e7925251758b7663f5fe2e01c7d2c
development	a532a29deec6347d390717267f2a963490464b8a	66186f8eafe792e33d266928a5fab848404858be
development	01170f9bee54dbf45d4f0615557bd4c72be84fbf	fadf8389c37e70bee612b26db157566b453a7002
development	a295686998c0e8485fff4d6c12eead26b0c9ed97	eed50faf705307f1c69b618b4223090609554b2f
development	fb5074e24cfeb5cb035c7833694be727d7071f4e	d9f2e0b03112301d8dba5b3f3ccf70a9e2efc1c7
development	214135dd55b9042ac1eb346fbac942ab25541199	3735eba39b3fe260ccbab2b236411b3139304b9d
development	e9972aada41d87fcad927c3c8ee76c907dea4b96	2bee8d22336164c473e35aca41637fa336124144
development	4f5a6f18a10636fb9aefac6e165aebb42d28b30b	a86ea7d3065af9cb80c4de02820e273950120a45
development	53261a0ef3ce7999ac334d67d9b5bcb5b5a88a38	1129833ba2ad63a32a2e2606f6c8b7c57018ecc2
development	244b0f7f2de1ee737abf06009bee72099457cec0	aa4d65556e18154d31ca811a16df246853f21157
development	d08a59dd366b80e41d873460474c0474886f0d14	d16e4eabf972da56bf1ebb9b20ff9810789dda47
development	9c66455a877ab6535734b0f32dddb5e5d7fdb8d9	01eda2f034d051466fe1941e66440ff04b1a65e0
development	96b5790a1fd73af304e73205609c97459d146ce8	d7b8d389f1898c6dc1ba9d8843cf6e80fbfee186
development	42b2406e61d58cf5540fccf332c1369908dc647d	5375bdaa750a52bf4dcf7141a316064d20859dae
development	9595b229d663e93aabe8e8bd9f8385c30efd3ff9	87fe252122558c4d054caf07846fa7216381daa5
development	f27c001e97bd4ecae3b537c8ed649f9e36fb8c12	c9d42971df4e348b71a596875c5d7c6ad078fbd7
development	e0e7b02f5fd2724eaf68e863e26a1f8181c11258	b62ac3e771828ad3ac2dc778e8508fa82dac6556
development	57c2659f5fbd0e0373810f07eb2a73942427059e	f08a37aa27280b079a121d0a95aec3a0ac789e72
development	7fc7e4e8fcaa2a94f0eaf1a65f276deb7601762b	01faf56e9c8df412ef073058d7de61ef9a58e668
development	e05b72a373d1c36f96b7c6fb769d5919ebf020d3	7661dd1a1b408524deb4a11cc0a026663d8139a4
development	a06b257cf0ba6deff98a166658c9c2a58835cc76	aa22387313806ca1f975c6739ff8dfd80852bcba
development	eb6ba8f53113fe0cffe33ff95da09b3973f7edad	d95eca3610e911b3bda8ac9ddc83fef48537f93a
development	1cd1744c8b00dbaeaeaa6ee648d2148b8e538965	db5bd9f72086657f4b038d6a7d83e3c5ac4699e7
development	89ea70d2a4b9a1b1e6725e33ca4ca3bfce482750	98f7251a1c538380377e79643fd7523debe24d19
development	52041653d7c43b70df7a74701442e676add0f497	a20264e09733b3d15a93ce17a4351f86c7db42a5
development	a1094f1915a877822f7e804767e8758ee8c61a6a	1cd21a36af981595b364f469a2a92c4c8062a9d1
development	2cfb49de2af880d6c81d20681a9b58c0c985225c	d6adf9433dba55b424d3b41761940b8e4382e165
development	bd2baf46668d57d82f91beaf439e39b587abeaee	e34f283b594c912c932ad465542f777b46603148
development	e6853906cf1dcf024b7fbf28be81e470d6799ff5	471f574052481a19e06a60eb1a7980e1d21cafc8
development	df173f8cfc4e8d234797238581764de3811be4a3	1b0c6290a6b3e2f68b2e7b9a5b5ea77351a9ec6e
development	df82889c7823cb533bb9386794918b5086a0d659	7ff84656ccbe107196055be616b1a2c0e3bc5c8b
development	aa918e1bd27db17e0aecf526ae6d4b96776343e8	fc7bd4ac782bc7c1be7e942f178bbe8f76815638
development	24ae9e23b11412682c62d5514286d7c9d3f2cf75	8a2e3864bf9189f24f641845fae43937a96b4a47
development	82a4539622471f47fc32177e441aa9afa21f64dc	1e5c53fc65201f71f42266d5ccf8ad42c798dde3
development	f274d891d1cc00df7e8948eef6fcad0eb5ecc86b	e3097cc4b9ccfd42ce9b3d30691f34f72aaa5cd2
development	5050b472cbb6a890104503a6f3881bc09b54da2f	972c1f1959bfa8b0d5606cc8604299f7219ca72a
development	c8488edc37ddbc857298975588159964da91dcfd	5d93b003e3d3e251ceb63a76b89d2cb44280109a
development	e614e67fe3da7ac3196e212c84a5d10e2a8cb638	f7f0c3bd93d3194144ebb2c42da6e43018b26f59
development	39b6f18c35189319b87283803d442d484ed76af5	76cefb3805eeacd2da81bcd9cb58210c20b24c79
development	bb9d708c5c80575c72fb204c746af65f9333b12c	137acfebdf971aa7f423a45a7ac0e1eb0bf0593a
development	6149b0982fcd1b00e342d65c10506b46b0246e8e	c1b16def55300a38e1df482608333bb38c790139
development	570a307ac67c53b105f6903e6a431d4e3ba26efb	a3241ad72f545478e70bc461a900d560fc0bbcf3
development	87f6e24e39bc70084a66f2edbd8df9f2677ef563	829dbe09dce0ab90037470f8a25b3491dda0d901
development	5e7820c8947f96835afb0048841269ce7cfc3f71	eef8607dc795dc6f5526df856d6dc3c2abe66adf
development	35128fbb8bcf332f2dedfb27bc10f8ae0a4f9e46	55e5a82e4c118a931425bcb42e00f35498faf284
development	8cfa121530b1dac94ab644704f77f2f51c4073e7	802c8f45da44449e5f85e8cc5b96b0a33700620c
development	edcdefce3e27643d8e541bd38d8098d47c5c904c	a9a81d75deccab7ca5914d45a275ac1cdd021193
development	a3de5a0362b5f6289d800975448a43a07a45848f	a64725be5879f3ad6bf7b00f3056a257605571af
development	b9e40c2662e2ce60b947e9e72fa2f66d00faab4b	21c2c9dac2fb01ba997f32b8eb1e97cf25fc4996
development	682e5c0298cde675d1e9a12404530174dfceec1c	e44bf2d24f9d0999a531b406637aa79b4ba54846
development	d8a992d536cc6dd177cd548c036134d0a62795e4	901e4af224c6407b8c876d08e525385325970072
development	33c0a378084e167c7a4a36b4ce7b316e2592c165	9460cd9316df699ca8730f0bd21043ce8d721022
development	06efdbcb1b82846314140560d26acf14d1c4e2fe	4cb793679a42177c3ea407bc5c3b688c477d3494
development	31f3a62f97e4587fc58dad9405bfb687771e5ac9	3af46300ee1a52be6513359589460d645bee045e
development	88460ef71dbc07f8c2d6dd0d1ffaffd9ed6810e4	f88a2b5b84b00112fa8a89c60e042b5250756b21
development	83bbedbc74fd10b4023bdfd75853800815572c19	a863793ef2c9b00e18bbb42d4cd093e27e93621d
development	8b378c585b0e7618ea7a2901fcca75068fec0700	dc35d3619e8996f31ddaddcde9fe060360323ad2
development	9f104f825533e26ae6dcfb966fa003f92b7596d0	5c24c9d00ae170121442326279575b206a6088df
development	e7df41daecae3c1ff78e9502e5039e04aab2f4cc	b6a9ab8542f62f6955de3d4a8bc75ec26a8cbcd5
development	cdd71d0581351e9875d76d07df9555ea1dbe48e9	f48db4260928daba05b68fbf09fe65f7595b35bc
development	10ba1d05c8e14853f92884f5de9f056864070d80	919a92137d0fc89b44b18cc3a8e1ecc39f36a4bb
development	6e545de3db59f7f17a80841a051eaa184129d58e	db676b643f07412d6edf07de2e2dfb4dba091542
development	b580162f3acdcd4c595a2a1f234d505fa783fcbb	3f709421b64afed968f13f1d11c0f2f4d74ce790
development	3025f8205e0e35555b5c5ae9e6333c64b1c3dd7e	e4db783e904948e2f9db307cb7d1aeb3848f5ae0
development	e56872c45817392c96e5a1a0d8a824609dc91438	3e4a3377712e5397f3d36efe053729f29ab565a5
development	d08d845ad36b307ab333f652258aa18576e2b3a4	48e91fc98ded5fe3346fade79013e67e59e61a3d
development	e5b6a3cef14dcf39516b2dfae28528bb2071db07	ec658ad41fea9dde277c8a9e343eddb30532d573
development	e9f753608ebdd4f2fdb41faef94e63dfa5f507d1	19b173d49bb3f02b01f5d2e6acbcd6268b7572b3
development	7c660021e3d34a9ff490daab2e70a09e30797141	763cbb0ca6edb5c289e239dda8d63426650a60ad
development	a7c8ffc0c7823ea7817eebcf6e69c0d527ed8740	fccc294f4b053a180ba707f7288202b6e5045950
development	37ee524b7caab585d075dcf6f0e96ddf2115d0a9	c4bf98800d8308f297a1aa74da09f5f5ba68198f
development	61e57879dc6655cccabf35c69c6f370457c01c3e	1362358f375031b4971da9f7828264789b92e0f1
development	bf8aa89b7d6b91c28f6b7dd90d7c585d28b05022	a35e38b69f52e555346d5283d32f3398cce2fe57
development	8d8b3cd6647394d3ebcc5833b8cc1d8e24ef0238	25b59e7653c2001ddc343f40d8a38b4a8ecd35cb
development	b7ad581ebc4718d857230fa467e39ddaa7a80afe	1f310bbb6807b2d038f61faa382ab28da96cf0bf
development	33aa87b8eda4599c6deb95d1b5870aeea09de3f7	d3a03f9cb3cfc8e4ff62db9afafbb03af9b25287
development	065046699864f3bc124f25c46cdd5d72e03991f3	f2f3a39952182a35109c71cd0dafda32d50eb141
development	4b2d4977fba5b7cd7ba7e5d806e0a5733fa8abda	0b3ebbe0360ff8084c585cc8fdc55381332ec6ff
development	fe5aa2af3d425f48d00ffffdc64dcc2451ea87bf	2d35bc82e53974f4eb3c14edde3e21ccacf68f09
development	fcb94fab4122c8c7d601a08b93a26eb96552fdb1	6ddc58188d709be394d9567dc3cb9fa327e2258f
development	7e197330f995debf55e4c56a9ce8bc85fa6eff6c	17589924a17606709a51e59fabebe39b3c999bce
development	618bbb20277173ebd48d0d299c068267959da684	b065cec9f12303ecae86e581a1207f4998abceb1
development	d66d7d5bb5eca9e62ad23b8c85434a4bd77a89e6	f1e326dbbbb152c563f842b1d82f174ae236c180
development	5e4df9c071f087f2576337a484402322eecddb8b	c28ff9226602fdfffe46f3f574d10e3161090298
development	bb86e4496fe97b220798d1f998cf06664670292a	f3aa518415e35dd54b7079e2597dbd75a73274ff
development	aeb1c9ae74f147ad8cc9bcd68008da3cf2ee34a4	5fce586ba2f445578eb5230f9bf5b921739fd4c3
development	692d706c59b39763bc66996bee63a581f7f77c38	4cae51c2a7c5e2fb4ed0be26a27e184782aa181e
development	22f4eb8c6da2095a660319999889450cea4c335a	643c519451b6be2e54e4efd1765f2cc8c56c888a
development	4f7742b4bb12e8889bcddbd8abdfa59da6f33e26	2d904e114073876548e6927060e0566aa2e2bd16
development	f336359ba1b1f44570c8c5bc942e5d80d5a3e90e	5bf7f76d187123a29e7fa02f65a6bc7830e33260
development	0071210c679c1cc3859e7c4af591e3c185041ab9	88beaa690759582d76a5a4f727bfdd7c315df1cc
development	ade61c2b3148a4383b6a9501e80760a0cb7c7812	44bbcbbd83c1d89941dc1b17e805713140f0a5de
development	aabfec0421aa0af73a0f29dedf8065e498315676	b4e26f208433c63c877bccc46190263fe09ae012
development	294b961ccd43020b0e13473242dc3f88517844ce	a6f13119f1afb036771be735a2711eb2d1c1d149
development	08f8d4c8c97726c1abb0a07cddffe82fd2bf5ff4	70cb277d76f07a8b470449ac63a190da87da863d
development	fd56bea52772ab4d0300193fd3161da0390faab3	d29980356f0767673e2b609b85607b4d6f26b4a9
development	6c827f8c3709bec15367913ae33ab3eb1357aa9b	b4c186b33c8daf058ea045caaaa9bd2414bd25ac
development	7dfd87f595667ed277f0d5dc957433f8cc61b874	29041e5b021b2835c15140fd142738a53b635b2c
development	57496bda53ab914b9eeb0cf322fb3ffe321ba620	70c0f898003e8acd7db3848052fb9ede28f561d4
development	e637c9c0816e19255992d7ad9a055c49ca9f2a8a	6e4970fdf47f27a804b2efc648f3a3e510c69889
development	6b92fff3cc2c1a9abf5c36abb306a695bdb9d99f	9476763b9b7a8d07a072a73c98df3cde75a897f4
development	766eb9d166de3ffb1ea23c48b4ca67d5b9a1f75e	7eef6f5d2ce3287e2310c3b29151c2cc319f2aa2
development	b2f86146982e115506b04c71c6c6aeb7d5994233	46fa1a4eba23d15bede71b9ca967ca91b2f02a74
development	5682263d16c1d2b4bff7ed32cd01a35a59d2e9d6	d48a937aefc2fd3569dedcb9390e3ff1b2e576c2
development	b97671e213b39f4d21e9f04f93938f2d18cc102b	e35e44e1b4f19ed4d1f65871cd9b91ac83fe73c9
development	b87e679cdd3c5ec0298644e4c5d189e082f2d4c5	291bb5807f505442b1ac759b520751d79a01734d
development	8bd7c9a4fd5c1fef6290bc644659efbe49643635	f8ff8523a907a0590f186a126bb5464b23e55705
development	c6ad3f53c9f2fdbc3e38d2717971ab1ec9379c10	f30878b799fbc85656e1c440eb069923113e15d2
development	66214dcae4cbb7cf6fc9b521eaf46704bf1159d5	5e42a03f5108e26e7340e826db0a652038220a12
development	ccd5de0b245b0d024867981c7e7c5ffdc913a1cd	a4bd5d3438c7edf94ff7b822205fe630c7070d45
development	848c42b0be9fc3bed135c4d812c57bd9ebe86e08	1a4fc4df66173d40a520a810e2cd2a3d319ad6bb
development	3b97b8adcd26b2fee9e5e59ede3386e0e30fc1b3	a9a8a0002b9f52229222f9dcc168f81533eee31e
development	2f190679c8156c66dd569832d1bba9ef9099b2f9	d5fc5f1f2465fe1032a728c6e4f769c8f6e6582b
development	320933e128f8006f2a71a65861e21826ee104c92	f27c0b9430f265c6abea0410ccd797512e6aeee1
development	8285ba54393f6735a40f3e4d1fbede9a7e8dc450	ef8ff238a2ec7f54381dadfc2a76d091afe86e5d
development	8518d8faf5ae52ded73028d7b498d46d7415b413	5a381c0f1af2ee35430f8a6733c835183795f401
development	093d16ea940f609c2f2a838ed6972aca7a4092ed	8959a54d23361b3001524e776015546b6e827b35
development	313baf92042193735c02c175bb0d2dbd99c3f981	23b60a34bf837c2436602556871d08447db8ab46
development	0c173c1f97430dba24becb1f6c4532b477cb2f40	1eff5f69551884db02fd9ed9a03a1b5e5be908c0
development	661f73830abc2fda365128062bf6c0d9ca5fe31f	fc52100c06054b5b7f9118da2407fb1383cdfd8f
development	61998a2f0021556c4b9c58dfb838da75eff35ad4	259bab7dfd6e5c6ba75dbb22bfae154201ce1381
development	7409e5255eb0777ead9e5ca2e5b0d3a6ba6af39a	0a8560fcd45dd2437d293339789a45fdb47fa362
development	d56b96a7998f2e17e724e781d6accde84b35c148	44bd1ba1f380d670f66b85fe0e34a937fede0679
development	404934b84201a34e4081c880c76bc8583fd9200b	985035f50d23e016a11faa5e932e7e878fc04371
development	573a84c6a87eed453e719fc386987c9496973529	fb7a357e7f714316f9b2dec2f647aa53464105e6
development	7c2aee36319dc32e88ba2204fdfdcb710b62f7b2	6eae62b61be937354a733f36cf302fbfe1386fda
development	0f556da4aace51b338a68829395e5000767bb633	f37f875a20e89e6e6d96b804db4e727c394fa7f0
development	fd0747c951efae221bd5d3e3b317996e8080c0eb	c3e79544b919170bdc3ddcfc6018b6553a314af4
development	d60affe2493eabb6c0b50ebd765b2064f654d9b5	bbf0965b65cc18e4ef6d4b5ee27b7ea4b7df580e
development	f1ff0d489ddac0225f89be98b47b1b5ef2390812	999153d75c6f2fe322bc23e3fdea661d2626d5b5
development	bda50c26c64d5367f3e3bc5150b2db29ea14f673	e0465411e83964706fd784939a0cc64096723e3b
development	98e5da81b65f477a07362855c8aaac3298c8887c	588c84c938147aba48cb0fc5f0e2d7f1dedcbfd9
development	ec029a978c9d21d6fe4404d14ad9ed1d8c01312f	9947fce1e7802ce6e16b5e28653372df58e21238
development	b517b1657d6ded92bf3e1bfd7cff111c73ef8dea	cb4d9c62c95f6d0222b492f1d5812217624e1ded
development	133d56b587b07d5456e69152cce3544176a056dc	27b593c9154c999092af62c43de1fb501289339e
development	65394921e6e4ebbdde6d71b0afadf1927cf7fc84	e79fd4b08b62fad7f36c40dec03f3a9eb1b5271f
development	9d170a467e976a1d464399c432b0e63324d4a7ab	7d1b70becf74fd567c2ea9029bc1fa56eb7749bc
development	50736e297e50c346cdb5f32320ee0be96e0cb40c	1c9297323e07fb03cd78162dbe4a52fe2e156268
development	d30f9c61f418a226c05a5fc614838ba83c5f52c4	6c4b49442b0c92ae193537853ea89dcbd1a82244
development	dba4cd7fcf789b39b2d6a891b74f517497d3e467	481fc29c2a485651b04615dc338d93b3a25b2e98
development	51008ab5b97a7ce027063775c350fcdf6525aff8	94c3b879570b62ec4e6c5296635fdb2d444a00cb
development	80185cc4ffc6f73db5517fb7370f1fac3f04ec9e	e018aa735d04577e01bf82cc81fab4214f7d3acc
development	72db2dd031d0f601ad299608aef4fd85b2072dbf	eeda55ea213b5917818bd1b1af2ec5c6c5418810
development	5b71ca483d38cc34575669f83dcafe6089cfa432	b79275f73064733f3ff28d343dc37544e114bf40
development	c2b7347d79059003eba62c28747c5603baa23c4d	3909084048a6b00d776381f10441520143b84838
development	38180e65b13938b4076dc1527b871e6b26e455fa	c509cbdd3bc76cd5f2dd1b5f3b5b8c3447eef01b
development	61e46042558d4b3ee9a2a57283ee7b9e685a49e8	7317eaf322c07cf00ad83cae235521ad61023aef
development	e87e74b1b326161505a46b47e7821786502d06a6	5ca3f815ea6671532ef4d23ed9bb39a74ca21f83
development	29342cd90434d69f376301bf576da60bd1281582	37c0dbb7780ca6a45abfc9b4f9ccdf72fd514892
development	a8b578c1ccd9de088024edda1e981d383c08f636	7574f43cb6c0f380d911f94cd1fe2977808bcd5f
development	ded37b381958982b7017bbb2b48abf2c8e3cbb32	c7d0a09608e306ef5e0989937b4f2c5961e9a987
development	bf0c37dc00d2dbc7f2ef0b2c666abcf588e91d8e	1e8cea765aacf8c86cce091e282ad904b50ccaed
development	2ac33cf27a8d6cb28b898b545a760b507ff9899a	c830fe7f990624de69678551808c05216229e172
development	97b59bda1a9a5600bfbb4f82f7a34fe881aba2e1	27b733fc891f9f499f1ea81c3b5fce81ada36244
development	4f97e5903b29ac8ea3816e8c5b1b6644a33d1de2	79e253ad6829673de006f8d84790f1cb49fd0448
development	a1005964da00adf5fa9fd5889f67368cf6acce9c	2c081c9f36188131db6a09b639317f6351d623d4
development	2647f811b8e3d73f1e686af4be31ac4809b7a98c	207350b5b3fad89ac51946de104a7980ba4bad3f
development	0fcca95f05228f859a9c14b5ec3adf446f8be41c	fbb12b9ef05174bed140f636451ce9295e194eaf
development	74148f73e85d91ed546149733c102834911ded0e	9de7c514f60b948e47e58f640be7746d4ca8dd4d
development	bd68378004ca976f09b65c823708c4eb4dafca1b	2600689da996776a8d7d837f4153b2233a390199
development	15fe77e3b2c05c12d3b95d1e3d83baefa8874635	37d0b763649869a5114d06df5c7f3c2750adb280
development	6de01696d032b258852f32135d9383b0412d598c	77caa289c86ac21863a70fe11ce7d7072eff5422
development	580399853460e27f0a8f75e2d7a9e705a6f0f2af	376342a18a829099282582843b26784f957a4fa2
development	a05bb54c5f30651b436883f35528f528e9961a2c	12b753c8b9e46f9283b6c0a5bb59651e80104260
development	44afc8e9da6e4ed541ff57e2300f19900d365ef6	29cb574e2b6e665d428dc4bf698a55e1223f3b69
development	a592531c825d4aab37b0ab8c1d8976c93a90b1ab	ecb32aaab99699f7ceca115f513e2a6128383311
development	25ae8fe29ebfa9fe88d5ba11928a62e9f26b04fa	eac5b13b004ae50e2ee09c1a1323db8f052e414c
development	65fae696a76f4ae6b93a7028a277734f53cd7457	79fc03fb5597d7559461a5fee1c9588e5aa3c31a
development	72ef89d5543ad97cdcf93e7caf8371b9fe143444	faa2e3527e80b37c17cd972d90a5a11195e57b8c
development	c9f92ed05c1658931b4dab32171632b1e16e59c8	72a97a10b87fdda95522dd458949d0e630c0434e
development	4bd56f590180b51ff538689849b9ccb63734cc91	eaf43333b93fa7ae97194bb5a8ed911c9b20d07a
development	fe6672f59d72e08953abc54930103b6a02afe338	4c0dffc645fc8e66adf6a7aa02dd3b94b925de99
development	fef8c765313198163c900bbbba85a9c130dd2c3c	e5f2eb97b34700480c65802fe2b36deaa0a6b1b7
development	9c8456ffb54f7d341ac0753ea10902aef4745532	c407cdddc2cb6ad9a202be8276e6d218d18f9815
development	861eec9cedd6a6a8c337612a89b2e95e2c70af90	efdb3395864baec13eb24fcf39f9bd1771a89de1
development	cb0d9353ef2469efdd576266782402738e0dff28	192f2bcf286cd941dd1eab38739c5557804113e1
development	ff3a295e4cc06c7c6fc92150dbb5921a21cebde9	6a1bad85b9b9ea64b9e09823156fb8266a7171b2
development	3110e97e050666af354cf79bc6c953caf9868ec2	f15a88d7e038fbdebb351f5c724e061194e90c47
development	9c998864c7d3acb15c2f9030287fd2f31c6d0c3c	fa703f843388534796ac5e72a55bef593444adce
development	04032eac03fb4e70a8b73d859d630c2e169cdefc	2d72cc0636c62d7bec0423b421947f1b1f3122c7
development	7435cf908b383657bc5661138c4e8a22cc306fe0	0bc09ecb47014e783bc169f56a0eae8c5255f133
development	718584c70cc5af74e76f8a87a639cc59b9a04b94	dd8e13e3f2d1f0da642f6dc96e42aabac5de3e2f
development	b4389f4d3be100f1e5aa0cf75a34d430d27087cd	9ae7c7ac8c2dcdfa7d185644631a26c816d3ff9b
development	c70914ab067df31c5343c9973dfd3bb67cd9e8c9	29e263f0c1eaafa278c00f6250d13c23ec1ceca2
development	7d2e5ab6c3e909c7502c80bb39cecf505426f99d	aacfcba36b877449a0bbd7cd5d6a467f13512d57
development	191fe879a5b1064afd34ac78fe7191315f2a3832	4352daa4448c0a402bb8c130d2134bb096e2fc11
development	226b9f9ce7c8426078459fbfcd5075e04432ffe5	b956b94bc71af672569f63d5b5e0a943f5c36690
development	60bcd7ea82374b459e87f7e6b46ffc562eb2a634	921e8dad2ab7e955b29de58b2a984e841f97a52f
development	3d5ff8b11536cec9c641f08ae6fabc91a15217e1	192318f7ac21258c63e337f3318082105c2ac143
development	c5137ec65b2537275c457f8adbe77cbbd40dcfa7	87fda3c35e8781bc3976d6530ff8af01125a03ec
development	38ddd11d1ec7640c89a7dffe5065ada7186354ab	a8939f32cc51b21718c4f1850ec8adb26547287a
development	daf8f93b9a6d4a75df8e5414a35cb43b1256ff7b	eb057195137c4b275582d1bf7102dcc4948472ba
development	6826733b1054e65583514c011f040c673e79adaf	a9a9dc280d389a5ff518969c58f6da256543940a
development	0229efdaccaed7624f8a462657ac6f808908a9ce	9160a924f44a80c1a4dce6d7eb573778e394514a
development	a464280b4f96bcb08c2c0835c13f978e1e059be2	e29e11aa5201c88b5fd8fa1f675dc2e0b8cf80ea
development	988793398e4dd59a5d6f3467e51eea6cbd7fff47	18cacca91641355dc3aa46379f50377be5e8a3b3
development	6dab47789ed8382e6d72566c9411ff899770afdf	cc8646019e749af9b51c220db675ca16c70c6133
development	963ed93957878d8d5bd44980110b0e1e17adeec1	6e29825c7a5fb72c2083514c0b71cd75e89aad05
development	a410ce4441c99ecd5cc78fa8f72858a4fc64ec40	a4db4c8b3b2ba16926cde1f0cfa12056d07a6ee2
development	4ce97d3bf320832cde965daea819560b2d895ae7	58335116de689126599191701d67831cf705a577
development	2135f61c9e63044532e50e7973e463880b1d60af	afb59db9e904202409665248ecaa02c24878cdd7
development	36259d2c5cae82a74da6b922c61e53049cc854eb	5066b685fefedbd6cdcf7830e872b6fb13f9fcac
development	0b4dfaa29b34332aeea41d7422601a7b25417ab1	a34f20eef0548dcbcfec0fbf9ffffa39772b1ceb
development	1143daeb679cf9ef8f5eb52d9bb166bbddc06798	524d4724d2847135282a6b45cc45dd139ebe4641
development	5adf895760ef9c6bc3fd17d5ca8cd21f347f6128	24cc9f71bc5843ebc172ab905fbcb8979adfa8d3
development	041c4b08f8295de50fb638b1f3257f09272eddad	d87a829bd5d5dd119d94678f92d29446a4f055fc
development	26e628dde4075508e758ad0007998634d1031827	aff4ad403901fd0cb7bfb2517a360ec4a1148c79
development	75713f94026270558e4f19a5f75301a6dc52c379	c062f3e064fd5c705e71337f27eab20de69f86f4
development	0c5b869483bc75bdbad2009e9fb90df699193de7	5f48d178618707965599f8733262d145090a4cd7
development	c42d52e031805468db9a5f55b70a732f04ee3c8a	24bfaa9d16d1065a1c7743bcf7337a8d85f0722f
development	c461d2fa796d70e7fd0b2e18397672019b94f6ba	3cafb425556d8960358beb77b9cca3b0f58aa9d0
development	f3b6a04c2bd1959e4f96dd14157aff7645bb58c4	ece0149b92a21ed8752e31c1448aed7b9d62b01a
development	90c155a31ff7fe869fe34a1ceb71cea127bef59f	98d94ac5cce15e6f25a3ccbe85797383a4366b58
development	0fcfc47ac93f740112d47dd17d23f5ca9b2a0729	cc881253831bc1fe38ff621b803f965fe4d30675
development	fd838535939eda84d1533169c9af128c0d692496	32abc17a3b23d9c63fa465325421d7505f2a250e
development	757bbe93778cf4abb6877ab617a1706a240c131f	1b21e2836de481a5bdb22ecf5caa8c9cc4c7fce1
development	74f09065540275a797fef3e90dd278d51e0710ff	f96ef908c0413377bb82c781cf8377dc5173e7a2
development	f20a5544146ba598edce2e1ef50fea6d9f380ade	9cc40d252aa941c7f0a1229d9abc7d8c2cb45297
development	a17ab11a1eeb9b7c174d14e4402ea9d95e5027a2	9710406864ab9ad1fcb68ef3284e2f6982ff18c3
development	e885efd8834dfd849648c4ca1ab6ed31367f2989	5f642e0ee9d5719e0cbb76a8f71db0cfda9502df
development	e58d4768d3c42a8d95c24913a98ff4d3c1f30f66	75622d7d886d8277b464d023334df0b3c9081095
development	4c15384670f7c67eade37b0637339a3794a9fb62	732e90362cc79d1c3c4dd2d53a6de2a48b62014e
development	5864c31d6a52ec3c302059909a4f8fce685b7938	27e4434eb27d590aa9af83c76c6a6f067c06b3a0
development	1591e0e0643bbb79281ec3f7e309b22839c0241a	38f499a43c9db6e6f310dc311e12e7a0911b1ffa
development	a045990d6e5d9bc374a9c2b878cea14497be8d77	9be0f220fa5df5ea66656ca94535c7159bbc4b60
development	22022c99c19a79940c16c9ad60c7dde80ea7c6a2	86e829a34dada64c44545de60b3d94e749f1531d
development	7421afde9890cbbaa8bf52929fdb25cec3fb97bc	4fc06959430171406ab17a781aca314ce830bf3f
development	9863075bc059dd94fd2a4ef7f7fc9a68084aee05	8c4068c642af833c4bcbca07edf0f2cce79553b9
development	161cd8fbba9cbc4c36917b52b87dc290a8da1912	590b8b5bebd5297b8256b0fb3cfa8feeead7d17b
development	106b8d50ead7c62fbde22ebc89f4dff43262a7ee	8883f36940c39dd44fbe506e770c28aaf42d086e
development	f81a9f4ba1c73f50d0f8414d99b094f94a5d8861	1c4ff868ec126e14f1b99b4e55ae57ece598b666
development	7df37ff655f7c47af9679ebee737b2add6c73c77	699966e8f83fcb15ff9a56f56f6f0b1c8f559f69
development	d544e917bd6541492be13421009a3d18dcbe93f5	7db273e96998a33f1c39cc25a35a0a00083714a5
development	9834cd5e2206f68cc2d6ce79770547cb1998d1a5	7944884f8685e1cd7179296931b4f24ed1a2cb2e
development	18ffbfb6145ec9671f5b0e0d16f2f0edbd2c46cb	6626d26cece5c86b8fd3914a40a83987ba0c7ba2
development	27f421e9c052a59f35510fcfc8b469642b1de963	e56a0b18c8b626e4da1164fc50e42d75d08a1ed4
development	b5124fec8359afdf89895b12781cf4f7d837f661	f9643e0478500514f9ad7eeabe3f55bfad1c2e2c
development	82c6c3896a31d9851e60f3300124e9bc526e4e2d	f1c6805e7e7f23bc4bd5fbe8876fe0d8f06886da
development	3b108f431a462e0319599fff643da1b9ac5b7f1f	5a13c33126267fe3583690c7ce4c6b3ff29e3e47
development	f1eee91b8acaae24e9ead1bbf38844ad1a14cd83	e1f10858bfb8f3dd0e145364907c97d68fa9ae78
development	4f931af865372beac7ae743a57b9a3b98ae53e01	ec48ef0bb4741d6dba8102c55ecf4ea161171612
development	71e6c8e67db82e1e7b8a064f3fc46ab017428df7	97d07fb274dff0b24d119b6cddd38980c56656da
development	a918361da5c8a4e0b3e12bd32cea58bf346e908f	be1a98fdb0bfbac47f7ec06168a97890f547e3d6
development	b14e7912704b05ea0a43bf0de8167fc3ae18bab2	defbe328857897edbf7c9f8e426c047168144054
development	01379703df839a3e99509534e5ccbd63fb5d520a	3cdecbaa578153a75ea3e0eb6668e7b644323e84
development	8d3028431258ef7f31e2f59b0a947430ba58e973	b6daad85f2d6b9bee66e2012b13b37e9f5ab5699
development	34ec11e4366424c2445069cff7c94273490331fd	62da8b577388c0937a8e1eca86f50c3daae347ef
development	84b7767d2261985b80fb37cf9aedc6e1d0b47c9c	8eeb8f698195c90e7a5a8e44d5662b9f745b4157
development	7715805465ba07faf12411e63a36b11443260c61	837449be4c1cdb207d6914c41581f8f965edc180
development	1e49c114b8440b7e97470e7553e668895ec199d9	db3c50c33383b1ea9af542682b6d1357ecde67d2
development	7ced154ae8282e26c926eb0394b3e35e3ddca703	4edb80ec1e64dd0691f95c9783c016f5f174df48
development	e46be0059f1609405efc241f218af374c9bd0455	55e5800e489296f48dc21d09c77ecbbe1e771cec
development	0dc1f0645ff5c277b7ff41ac44c2060f3cfb8001	4e9f6bcaf00acc95125bab78a9d3c3e768153762
development	1c42a3248bf6b11788adf8e6d73ef3a2eb9ebf3c	22db79ce1750fb3e9bd4a145892fe2561849ec8f
development	e5c84c68d2628bf648e919ffc48d6dcfd70e2da2	9e6f0f676c2a204e2628bd876993e8237f646501
development	73ebd3fff38a0385af26ae2ddefcd56613a58f3e	b8cca8b380fe189c91f3dc9b6b08ed640edea0b7
development	653631729b29ff77625f1b758dbe50475f0664e5	99bb3a06611ff1e5a16fa7e929dd411f651724a9
development	7e66783b5b0c613619ca2ca810397067c15e83d1	912e1f69aa31e17475443f4c9b4d1f1b1fd6a60b
development	1e5b1f3b458f5556e3c01f49a062b6c05e74b5e0	bd0d159954021b20690db9534d2e6703d0133bab
development	5708a2028a601dfbb9f36c7d34629fee8c8b8e4b	fd9ffe38d003fec37555ab6638e6a6ecfbfd9f62
development	1bc257ce3e332177eb6ac11093561124a26f40a6	7596133cd053019b15c8521793f1bdea6a9027f1
development	23cae4d703ed72dc33daf392c5ed17db1cc4fbbc	64cb8ef0e8a2445575db3f53411d1d62a6d3f497
development	a6d03a7e59aa4e6e61b39a2e032cc680cb1d35fc	1cc9cde5073031f61ea82144dd8d5987c7c831bf
development	f2f24e8d2174b36babb8a7ad511215fa3173448a	aa64479940da38185bd6f1b6cfd7c669fe214df3
development	eec7fded8578a706540ff925331ea46d04fcbd3d	2bad5965cc2f7b249dbb4dc8e4fdb9a949de340a
development	1961a7e454571c6baa4988145f8e60bf0c8d20e6	ea4aa568daa197670fe740bf235a09be143a2360
development	578cf3abef1dfcdceb967a63f9999c258ee111d7	6333137be18787e5ba787dff89ee02c48df893c7
development	173bd41890e9c817ae453efca39009cffe3c618a	36386510d847ce40070da32e074216880a1d332a
development	5930664ecf649dbd23937904b4396a3a0b2b9bd3	63e84c8686e4170750b07e39a04f3e404974191e
development	764ef8407228e24259cc072a4cc8b8f42a15ebed	8fb12acb8bf529e3c64bcb3e625aaefcac77b350
development	569b7f972d32c0fbed71d02631840e4b5cfc8f7c	f40b2e3c36c0aa31802da57504a8724692bfc809
development	7be6851de9fdd28fa9d6c141e9baba7f3e81f4ec	93092199f18d64116c9742fb67fdb38b83892f6c
development	0e0f5c84c2f3ee8a5c1033775e2e2b3403c269b0	8bf40a610d173d1f32657d57df42a847a36b871a
development	86baacf062e360abf30eb138ad6891ad327cb0f0	9701be6321ceec7686f7aee11911295d27244760
development	7bb79ff3ef28556e261ca8bb2b449260562670f5	757b8c3c014053ca4873ea076a882185814c4bba
development	463c43553bc6bfa0f89046dc87f7a2771bd9c9fb	d2941a116e88514bf7d2746ff240dccbbd932234
development	05aa9f3117d08b699c9159797c26ae756eb3bd01	e26757deba9c3f1754af44b8e76979f4982cd6ee
development	c60afe5c0fb84d3ee600a4f01a53cff9e97864d3	c9744ba80990174ba2eb625b4aa4e80cfcec0ae3
development	904a72b744f1f1b65d18a914f422ab8e19dad38a	3cb872f01e22bb7f84885b032bfef165f5e01565
development	de9693c699f186fbbb63fd9fafdb2ce4f225e9c5	4b93ea955ba1c485a0b4b42d73a3df20f0b82edd
development	c158a4532493b2a6dec41230618df21056750b79	e27f0b6d3485bb41c75008292660adae317769a6
development	9490ef8d087ef02346b2efd614868b91bc8b6fd2	0aa687879bef5a19ffc128165124addc306df081
development	3ddc94845247c4515a57468b6545a59d3b3c47dd	fc710c01915b904edc0be99b82fd19dace5b1eb7
development	f10e9ef8c6e3be306c1497da2b41fe12428bd4b3	0ad5460737db0e6e9a3e6f177fc75ff8208e95f4
development	437d43e25a003aeccc62a240292b052453423804	cbf777c1c4150b6914c7477732ecaddb8b2ed2d2
development	85635b6279e3dcb26017d880db6bc5d70cad9967	582a08a26639a0ee76e972b0ba2c5d37f3bf1aaa
development	b879fa7709488f3794bd7477dea3dd0c9246483c	d1bd8ba0dba7da38206cc0249325f8c68f98197c
development	23ff0fb588078ffc0081ea055a73f7eb77917a7b	4ccb41acbdf0eded149c0faa2a6774d0871583ee
development	de840b1617e5ef3e3e01492d2efea7a729e12b3d	61153a7dbc1aea0121a3cd919fb3642c05311cfa
development	35a600b411f301727f72cc13e5d66c38ccdd8f2d	f17d4fd27f68bade651fd7162c73c2b21a3d06f5
development	aeb61097e751ad7372d368e91c9eaa93ea967b3d	a51136dc7ebb4752221358763fe9847be8529623
development	0c15f5ed3cd77c4b9feed5a7141231a3315db10e	b8901b394a3648499e6c593e667030b9cef7a6b7
development	14d6582ba55984764c6bcaad50fb25d223bd4f08	0a9fa41c95d3caf76fb58d79710c0cbabe93e808
development	baef5a46916092a0c506c8f0d03b1025e5ee0039	f2cb9ddf2e5cdd12e9c55daeacf1211a4af1111f
development	29ced75f1235393e183bb9c8b1bddbe733706b7b	fb800bde5889ff84c5865cee60e63b1ba1087bc4
development	1561694c75777ce875692f981ad9175043e1f59f	5b8c39062dbfbe0b527145d3a7ac2e7d02210c38
development	4a756720bba15d45e7b6eba019996048cb2380b8	7a9dc09ab01f69f87b83b915c5cb92e808d3306b
development	751777d454ca86e3e7ef264031714507e673e961	6be57088c0ae88e87f43a9d4a03842b6e434c020
development	4b00bcac17c73a37cbe23dcda69ecf83639a90ce	dff1333b2af5eb11de2ddd820cb1993b27c69f3d
development	24f29adcdb4fabfccd175b098cf616de6035a694	5c8a41dad17c7244f455b32bb814abfc816ee281
development	0854f99aa02cb495b944f56b8bd21c051e244f6d	6a6443a080ba656478494597ccea324b42844bbb
development	6df7e6c78878fd4d47ff0947a4edc7d2f295bc54	a4a6d1f9854b8314735b6ec05b08209ce582096e
development	622076b9cd7e93fd582d0e98108eb52e8ddffceb	d3a2a647813b695e3d65446fc791ba9b800b3430
development	3ed063cdf6813351380b9a45b5b433b045c1a41f	9603ca36e69002043433328744048a245d2df073
development	a9dae8129e16bbb4cce2d5762e49b71ad7b6b090	c2867c6f762a88397126c532afa2d0b93a416cc7
development	9087ff7b21d85cfb976a79ca4f4d56b1c8a31a0f	eb34cac38f6f6d4671e06ec6918f0145d66e3185
development	26b02ff0935a7d578658f68b82cb7dc28b3e574f	f6e281f23caaedc6df621c148af0351286e365b6
development	f3c99a299e18ca9da3c77dadbe5ca40a7b339f2f	f9860c0730d18affa2c904987f2dbb8562ac30e6
development	3f294ae367cfbb1ebe0f1d1131b63e6a42d93630	cc979d8dd396df5c007ddcde24790d1edb648341
development	a46dce2be21b9ec6d7f1afe32df7e460a74e7f88	e1ff9f6fed300c299a96e3d5d839bbb9470e3286
development	520695ded28846f5077dc560c599900c41c83e32	bccded87323446e279e3df2ab88b2bbfaf33ec2b
development	0d1d7b1ac3a5fc91f7eac38b60cf6e43dda84c9f	f825ded6fb4a322bfc6fd57dbc98078acf8a464b
development	0435c75ff7514b39c700a6a1f824b4c4d70425dc	789afc64e1de768c8edb367b580f11860ed278d8
development	3fbd555973a04b0191023e45494640df322de271	fd4e826e9e132c4db23c43bb4e16aa47839013a6
development	603004dd54fc990c954a634d7ae6253dcbac859a	0b3cbfc11e5bcd53646b4928c49dea6c015a8e5e
development	99c03a8adb9d2bb06a6081b06c586b2175774db4	ca5aa69f109f3a662855204d62fc9fbf036a7008
development	ca15528841c067b38d702feeec35c19c68564b95	045cd9097723adf0c74f1ce3b1a1ce7f6b20fd6e
development	82fd5231f39706e3d7baa32aa076820c9cccd58f	6d4f8bd98cbe4ecd9b86953c8d715c1a42b2bf16
development	5de46a07576d82bb6338f4aaf55d40a5d93ac62a	fe667cf96bd6883321b4411b2e2091d574901ed6
development	d96a692080954e46e25fb27990dd2a4d9ee14ae1	61c15da8a40d881722b6e133057526c53b59f6b7
development	4b2a38a4d5877650a842debf1f3ec0b6e6ed9321	a28be8ca928c976c5680c956313077ef285d5011
development	61bf2201fd0e64a274e1216c3833dcc44940b6b1	7e6e23f75266b436cb7c39343430ad3a33be2874
development	7e72d8c3f605d679fcdf0004fffbd53c7c058956	fa20241e4bb3c10cd8a4ccd77168faa4bb6ce71c
development	c840769f9745771d9d090dbc7199e1c9f0b1bc00	a588b3e98f7c007bb7cfd1d6c3e3e4a482a4526d
development	1debf12f044ed004dd7c97bf2f1ea1df6a7ca7b1	62135a2198a96ed9d3118c9ffc9156885dc4ade0
development	6b88a4429fe4e285975894cce5bf722e1c7a2df8	c2c7c8409d68c53838fad5754a2adb3e955c440b
development	f7ed40f42f3d61cf88b6bfdeee1e06c2c6be7a2b	fcca09ec4c8f82a6404731258eefd327eb18a04b
development	402e505f96b5fb589fb7c0a4e36f4283fa106fff	b62b4fb8ab09fb7bc49ed6acd012468e4c559f5a
development	348791e3d65da6d65977fb30477a5f822297278f	971e29e9fef3b90bf5db3fce4516ecfffe124393
development	205ac76f42ecf3cf207497844563a362bcc54396	2efabb8489774338baa5ea4167ffa18de3a7407c
development	aebb5a5a09c42108d09a533ab006dcd90a041abb	bedcb3ed024fcff4d0493a08c16ac6f05b04f5aa
development	7f8d5ceac80c58aee697ef4de187608045de4a14	cbfb95093513b30f38387a4bab8573a3e23ca526
development	e8c9f8e951543a762a1d59802badaf7034f1d9e9	4618ffd45203ad4f984cdecc680952289475fb5e
development	ab9005736a9cb744505520441d0eaadd8585753e	d91399e7636b6f9a5c0e9fc387b54249d1a1aa0b
development	254272c11f6c88deaec54b43bdc43098f38d7e23	5fe6583e5b1ce5b52a6f3c292818a4669d12490c
development	73ab1012d7c43289b6b8510cd44e2d8f347bec57	b65a6ed8a062aafc3509eaf8478119497900bda5
development	40c0a2c10be78df8ed83e20a4022a1ae4ab0b5f9	330cd6d0584f0107e1477d57948651c4f3604ac6
development	e1a38f5c00370048ec3c6a0c05843edb0da8dad0	d5238412e4aa9d4030349a2913bdcaef22e593b3
development	cebeb90136d70b97e4f4327082f955fc865868d6	7c4dbe8667043aca83f0b3d6fb2dbc62433df8d9
development	2410daea0a4ff1e948341a5e4f1c52e005c31530	661bc366894d1c56a532a7af7cefbc5cf771fb86
development	29cd588ccf56ec8202fd18a2ebbc16cd3742ef38	e1350dea5f544c5190f36b5ec9f89fedf582f4f5
development	27ce0e27244b9fe7ee3199b243d08db572360dd3	23c544997fa1542bbabe7ef23399c020c51a4411
development	f4b37f6c8cb0e12c6e45453cbe962f2639c16011	220b3fc22d6813164535fe241303256f55224f3f
development	dfe5885c38f8c645262bca916763a3ea36d2b082	7850d0030d4cee8a2a9e2e4b508515b84993162e
development	d6f2653c8b9b7bfecfa017b55b5841c3ffd9f49f	5930465af6b71fc0107744eadbb9468eb9eb8a66
development	0645a4153f6a36c54d335c10f483f274b5da63d3	040655a9a0a44c72c4ef7a0fb447af5d08d55fcd
development	84f9f2159539a38731a0f0d953bad5be54509d6a	900575ade83e75ed775df1707069fa4aee0e7eac
development	90cc5967dc337b50ace81e4b8bd7f534cd03106b	300db332904ddc34140b39a2b11b59646d132d90
development	d73307615fa3376547b8701f801112b920520e9e	a7e6ebb9b62b7db14d4fed2b20d137839dab2593
development	95240c3836eef1a5e663cc13bf9f79f924da9289	08063bb56c3612e291aeba7d34a67a4b846e298c
development	d74573cbb631aaadfc4cb80cfa40f57bab6cbd4b	34ad43cdf92c264e1c992f58330cd2abc9627522
development	d03f3e50ae3c88d00cf2b51048c13cf97cbf8a70	2ba3cc6d4882f41125bfbaa7b84ed34ee054e645
development	85b25e0d884f111214882e29cd3aa9869cfcef82	2354bc90aebe9947399a72a5e1cf89d95aa0c2ab
development	8da9275274b6334209a0a65b3bd441afbe2a42cd	99a2c52815f7c1260a84df145b7ceb6da1b735f8
development	4d7a474aae1a15f93ac142464732759d4f4289d4	9957855a29ed0f108b372bf28648f31fabced24b
development	6a5ec941183fc2525aedceba9032c897fb883378	ec3497b93646251e22a8f5aeaf290f46dc8bea85
development	7988e192043a138f0b025de5b99fa09fca53e40d	21ce9727bb8ee47d05926c457163dc686007ac00
development	230791f244f68a11168d5e98828feaf483fdc62d	52929069cc86077c2260982c680cfa6e9740593e
development	87243a379f5689c9fc3fadaae84067e1432deec6	9d1915037529bddba13e87a9c5a1283af23465b9
development	1023dd9e466bad949aa90f4eb214269e7e2d1af2	c4e872d39d8d48c71fe6372e2b9f8963c1d81400
development	bfd9edb4ec1c5f259116a1bbeca3aca5df16d97a	377fc6e6dc571168eafa0395fb2c761501c16f12
development	512695a081948bcf6dfea1289314f6fa173827ea	04852f3d2af725fd71bfa4e166c05d05f988be7e
development	497f986b1e70465e9d42fc58fe8e72250a860fdc	9ced33afad3dc2978f07b64ba72cd92313c8debf
development	cd3694c9318a0154bc9c65f49265e3a3fd075339	fe4932c76d84f38e29d0c0eddaaee4f2a9b565f1
development	557040aff02fb8a71f007d9c50268586d212911c	fb2772653881b28196a556cc0211145e74d9d52a
development	1fcf5e2d6157c39220c15997cba54ab1d527ee27	57f8a5b11760f4e8c00cf1d66c8b561c3eaacb34
development	fcefdc62592a06d36bcb4f622d39f08732f756a9	927e5cd435a9cb6f4c2c03735f04267b00f13e5e
development	f2ff091edac4800562668654c9f2fe1c48aebf1b	4914bf8896f75dd10084bd02e21834120a762eaa
development	fba67b1ca5dd405e9b3c7dfb718d69c55e54cd08	80d802566564ab000a1f5ac4507c07cb5b2acca7
development	01ad506e955d964a4506e169d76a2074c1d3681f	531103a131e33f59f507f641e22065daac61da09
development	1375bbf267ed94f0990af00ec960e7d5dce0663f	cd7d79b31ae37388116e01752814efca749034d0
development	ac221b5389977704b8d6d8dfa4767c0471e4ce84	330df3fc3a3d2b53707af2465918c89def279528
development	fc148ccd3388b96ef01e166ef1627d2fce40f77b	9c8589c7377f041711d7da6c93e114c7af3c2bff
development	bedf8d02fb766f6dae122efd8bae1f827ce259de	45c18f73a9f76da5c473d57f0d85983dbb8bfbdd
development	0b21844472adc9571b3c29659f3b9bf6ea4b4388	f207f82fca7c8730be8b89b20911873ed5a24ae2
development	b5a3a92f9964c7aa9198ce9a176ad75bf81aebc0	3bba80ad6e41a2db6173aeb4fe85e98c5f9d127f
development	3e686e09aa39695dca7437ff465da1a0965b3855	96be079e04e0595e5220c294572b4df9ca8a2f9c
development	1012294079dccc2ae220119b4eb5125d0aa7ddb9	f53369ad48ebbfa2c85c34e841c1ba30593613e4
development	8a0bfc42a24b0ea65c7e7244664fc077a660cfe6	a513cd7f509cfb8d9cf793932d2b47e34255466a
development	adcc64cbd0be8fd9f33d7a4426d26dd8778fdcdb	539db11d586bf17859b4ebbd660197a03161c49d
development	f4170c47bd7f9237a849cc1534b94c23a8ce65ba	f249d7cd4b95fbfd94cf0e2efad01f7098053a98
development	58f210e45710c49924ab2ca28bd367d9d7fa2f2c	a56cc28c9c979f603717407dca4799a479311059
development	3230537ad8398b10bc519cf1d186159a5dabc1aa	fe78fba513edc743bfa7b4278e6061981546ba03
development	795f94f99b957da813f5056ffe0c2640b272d138	7607a0c7d318f8275505310fb1c1660ef66d60f1
development	71b559be7b19a163aecde5574d9e0afcaf0af3bc	a27c27d24e2f81fce8a5a5a54107aa668e09b287
development	bbeef14a27f0956676cfb0899dd4eb91e5af7660	b72760b17f89fe276c4598c43ab5a45e9d4b57b6
development	baac993c4439fbff6eb0ac84ee4af75036e60167	b99916ef7f44f7db04d3e14db0410bcf1ec110d9
development	95dc4432ff09d2a3f690aaaac5ac202b502927b4	4e1a57557cafa7eab8704b5262fd10497c59dd5c
development	15e4b710ec6f9ccda2c6635cdca434f825889ae7	924104c5adf4ac964a7342971ca8767dcb2042cd
development	e3b8d5e6a54839cd667799c71c3063feea32c801	6f24b8958e65afe162f34fa07e6dfda3324906f5
development	724fa04d26a81d87d1f25fc17866f3b4d58bcc64	4a3a19d0690046a386c2273bf34810ade7ee9aff
development	a88edc1a362318563d222a7a9437ef168ae0e964	7a0bccf3fe014b5fa3e9a658c9e88211982e815c
development	43ae037dee72a23cedd95a8438671472b6ea30f5	75583976cdbdb33343d27020a8a3576c26497d0e
development	4db5a2b5560ecebc6d25c67711a4ee077788a021	76ec95a56a6767fadaaab832914e9b4f1aaa332a
development	fc3f07fe5a3cc732252c47883d0d9389ef1dd5fc	670cbc6b27d291913038435cd4b857b46d1d38f2
development	3fe04bfca96e81b8353a70cf525c7eccaae625eb	fc54ca91f38fd02e15c08dceda396ccf8017024b
development	2467e477545cbd141fceb5eede6cf760b6760869	4e089a3407ee4c1aa898de4a98030e66bed84088
development	2b0dc41032d481eaf0cd40015c642d6d0938576c	d2136d7e68add87a859c77059cf3fd094ae34d55
development	14f57f903c3f94e42dd7832d9b8488b5f301b1f5	ba2f38c1706be744f3e953f4e4f1d8ecb20c173b
development	a99dbb5c3f2f6e5a5419e149f40ebfa8fa691620	b9bbe5a17523e44333c86288ff196878d51a8bff
development	6c0b6249b6b0b26efdc9440725f5921552111c72	312a0b51863b7ce15e4fb1e6da2ce18458e8efd4
development	663148e26785833a58f8b5387347b881af74edab	10184159ce1c8fc9e90c1d343dc415ef8bb29ecb
development	b45913a4c4d1b96eebe95a9f716687d8dcf96593	97c0ce7edc5e0b82409fd8fa4d99b7293a12ea13
